,code,operation,time
0,000001.XSHE,long_sell,20150107
1742,000001.XSHE,long,20150108
1,000001.XSHE,long_sell,20150108
2,000001.XSHE,long_sell,20150109
3,000001.XSHE,long_sell,20150112
4,000001.XSHE,long_sell,20150119
5,000001.XSHE,long_sell,20150120
6,000001.XSHE,long_sell,20150121
7,000001.XSHE,long_sell,20150129
821,002739.XSHE,long_sell,20150129
822,002739.XSHE,long_sell,20150130
8,000001.XSHE,long_sell,20150130
9,000001.XSHE,long_sell,20150204
823,002739.XSHE,long_sell,20150204
10,000001.XSHE,long_sell,20150205
824,002739.XSHE,long_sell,20150205
825,002739.XSHE,long_sell,20150206
1986,002739.XSHE,long,20150206
11,000001.XSHE,long_sell,20150206
1987,002739.XSHE,long,20150209
12,000001.XSHE,long_sell,20150209
826,002739.XSHE,long_sell,20150209
827,002739.XSHE,long_sell,20150210
1988,002739.XSHE,long,20150210
13,000001.XSHE,long_sell,20150210
1989,002739.XSHE,long,20150211
828,002739.XSHE,long_sell,20150211
14,000001.XSHE,long_sell,20150211
1990,002739.XSHE,long,20150212
829,002739.XSHE,long_sell,20150212
15,000001.XSHE,long_sell,20150212
1991,002739.XSHE,long,20150213
830,002739.XSHE,long_sell,20150213
16,000001.XSHE,long_sell,20150213
1992,002739.XSHE,long,20150216
831,002739.XSHE,long_sell,20150216
832,002739.XSHE,long_sell,20150217
1993,002739.XSHE,long,20150217
833,002739.XSHE,long_sell,20150225
1994,002739.XSHE,long,20150225
834,002739.XSHE,long_sell,20150226
1995,002739.XSHE,long,20150226
835,002739.XSHE,long_sell,20150227
1996,002739.XSHE,long,20150227
836,002739.XSHE,long_sell,20150302
1997,002739.XSHE,long,20150302
17,000001.XSHE,long_sell,20150303
1998,002739.XSHE,long,20150303
837,002739.XSHE,long_sell,20150303
18,000001.XSHE,long_sell,20150304
1999,002739.XSHE,long,20150304
838,002739.XSHE,long_sell,20150304
19,000001.XSHE,long_sell,20150305
2000,002739.XSHE,long,20150305
839,002739.XSHE,long_sell,20150305
2001,002739.XSHE,long,20150306
840,002739.XSHE,long_sell,20150306
2002,002739.XSHE,long,20150309
841,002739.XSHE,long_sell,20150309
842,002739.XSHE,long_sell,20150310
2003,002739.XSHE,long,20150310
843,002739.XSHE,long_sell,20150311
2004,002739.XSHE,long,20150311
2005,002739.XSHE,long,20150312
844,002739.XSHE,long_sell,20150312
2006,002739.XSHE,long,20150313
845,002739.XSHE,long_sell,20150313
846,002739.XSHE,long_sell,20150316
2007,002739.XSHE,long,20150316
847,002739.XSHE,long_sell,20150317
2008,002739.XSHE,long,20150317
2009,002739.XSHE,long,20150318
848,002739.XSHE,long_sell,20150318
20,000001.XSHE,long_sell,20150318
2010,002739.XSHE,long,20150319
1743,000001.XSHE,long,20150319
849,002739.XSHE,long_sell,20150319
21,000001.XSHE,long_sell,20150319
1744,000001.XSHE,long,20150320
850,002739.XSHE,long_sell,20150320
2011,002739.XSHE,long,20150320
22,000001.XSHE,long_sell,20150320
2012,002739.XSHE,long,20150323
23,000001.XSHE,long_sell,20150323
851,002739.XSHE,long_sell,20150323
1745,000001.XSHE,long,20150323
24,000001.XSHE,long_sell,20150324
2013,002739.XSHE,long,20150324
852,002739.XSHE,long_sell,20150324
1746,000001.XSHE,long,20150324
25,000001.XSHE,long_sell,20150325
2014,002739.XSHE,long,20150325
853,002739.XSHE,long_sell,20150325
1747,000001.XSHE,long,20150325
26,000001.XSHE,long_sell,20150326
854,002739.XSHE,long_sell,20150326
2015,002739.XSHE,long,20150326
855,002739.XSHE,long_sell,20150327
27,000001.XSHE,long_sell,20150327
2016,002739.XSHE,long,20150327
2017,002739.XSHE,long,20150330
856,002739.XSHE,long_sell,20150330
28,000001.XSHE,long_sell,20150330
29,000001.XSHE,long_sell,20150331
2018,002739.XSHE,long,20150331
857,002739.XSHE,long_sell,20150331
30,000001.XSHE,long_sell,20150401
2019,002739.XSHE,long,20150401
858,002739.XSHE,long_sell,20150401
31,000001.XSHE,long_sell,20150402
2020,002739.XSHE,long,20150402
859,002739.XSHE,long_sell,20150402
2021,002739.XSHE,long,20150403
860,002739.XSHE,long_sell,20150403
32,000001.XSHE,long_sell,20150403
2022,002739.XSHE,long,20150407
861,002739.XSHE,long_sell,20150407
33,000001.XSHE,long_sell,20150407
2023,002739.XSHE,long,20150408
862,002739.XSHE,long_sell,20150408
34,000001.XSHE,long_sell,20150408
2024,002739.XSHE,long,20150409
863,002739.XSHE,long_sell,20150409
35,000001.XSHE,long_sell,20150409
1748,000001.XSHE,long,20150410
2025,002739.XSHE,long,20150410
864,002739.XSHE,long_sell,20150410
36,000001.XSHE,long_sell,20150410
2026,002739.XSHE,long,20150413
865,002739.XSHE,long_sell,20150413
1749,000001.XSHE,long,20150413
37,000001.XSHE,long_sell,20150413
38,000001.XSHE,long_sell,20150414
1750,000001.XSHE,long,20150414
866,002739.XSHE,long_sell,20150414
2027,002739.XSHE,long,20150414
867,002739.XSHE,long_sell,20150415
39,000001.XSHE,long_sell,20150415
2028,002739.XSHE,long,20150415
40,000001.XSHE,long_sell,20150416
2029,002739.XSHE,long,20150416
868,002739.XSHE,long_sell,20150416
869,002739.XSHE,long_sell,20150417
41,000001.XSHE,long_sell,20150417
2030,002739.XSHE,long,20150417
870,002739.XSHE,long_sell,20150420
42,000001.XSHE,long_sell,20150420
2031,002739.XSHE,long,20150420
2032,002739.XSHE,long,20150421
43,000001.XSHE,long_sell,20150421
871,002739.XSHE,long_sell,20150421
44,000001.XSHE,long_sell,20150422
2033,002739.XSHE,long,20150422
872,002739.XSHE,long_sell,20150422
45,000001.XSHE,long_sell,20150423
873,002739.XSHE,long_sell,20150423
2034,002739.XSHE,long,20150423
46,000001.XSHE,long_sell,20150424
2035,002739.XSHE,long,20150424
874,002739.XSHE,long_sell,20150424
47,000001.XSHE,long_sell,20150427
2036,002739.XSHE,long,20150427
875,002739.XSHE,long_sell,20150427
2037,002739.XSHE,long,20150428
876,002739.XSHE,long_sell,20150428
48,000001.XSHE,long_sell,20150428
2038,002739.XSHE,long,20150429
49,000001.XSHE,long_sell,20150429
877,002739.XSHE,long_sell,20150429
50,000001.XSHE,long_sell,20150430
2039,002739.XSHE,long,20150430
878,002739.XSHE,long_sell,20150430
879,002739.XSHE,long_sell,20150504
51,000001.XSHE,long_sell,20150504
2040,002739.XSHE,long,20150504
52,000001.XSHE,long_sell,20150505
2041,002739.XSHE,long,20150505
880,002739.XSHE,long_sell,20150505
53,000001.XSHE,long_sell,20150506
2042,002739.XSHE,long,20150506
881,002739.XSHE,long_sell,20150506
882,002739.XSHE,long_sell,20150507
54,000001.XSHE,long_sell,20150507
2043,002739.XSHE,long,20150507
883,002739.XSHE,long_sell,20150508
55,000001.XSHE,long_sell,20150508
2044,002739.XSHE,long,20150508
884,002739.XSHE,long_sell,20150511
2045,002739.XSHE,long,20150511
56,000001.XSHE,long_sell,20150511
57,000001.XSHE,long_sell,20150512
2046,002739.XSHE,long,20150512
885,002739.XSHE,long_sell,20150512
2047,002739.XSHE,long,20150513
886,002739.XSHE,long_sell,20150513
58,000001.XSHE,long_sell,20150513
2048,002739.XSHE,long,20150514
887,002739.XSHE,long_sell,20150514
59,000001.XSHE,long_sell,20150514
2049,002739.XSHE,long,20150515
60,000001.XSHE,long_sell,20150515
888,002739.XSHE,long_sell,20150515
2050,002739.XSHE,long,20150518
889,002739.XSHE,long_sell,20150518
61,000001.XSHE,long_sell,20150518
2051,002739.XSHE,long,20150519
890,002739.XSHE,long_sell,20150519
891,002739.XSHE,long_sell,20150520
2052,002739.XSHE,long,20150520
2053,002739.XSHE,long,20150521
892,002739.XSHE,long_sell,20150521
893,002739.XSHE,long_sell,20150522
2054,002739.XSHE,long,20150522
2055,002739.XSHE,long,20150525
894,002739.XSHE,long_sell,20150525
2056,002739.XSHE,long,20150526
62,000001.XSHE,long_sell,20150526
895,002739.XSHE,long_sell,20150526
2057,002739.XSHE,long,20150527
63,000001.XSHE,long_sell,20150527
896,002739.XSHE,long_sell,20150527
64,000001.XSHE,long_sell,20150528
2058,002739.XSHE,long,20150528
897,002739.XSHE,long_sell,20150528
898,002739.XSHE,long_sell,20150529
2059,002739.XSHE,long,20150529
65,000001.XSHE,long_sell,20150529
66,000001.XSHE,long_sell,20150601
2060,002739.XSHE,long,20150601
899,002739.XSHE,long_sell,20150601
2061,002739.XSHE,long,20150602
900,002739.XSHE,long_sell,20150602
2062,002739.XSHE,long,20150603
901,002739.XSHE,long_sell,20150603
2063,002739.XSHE,long,20150604
902,002739.XSHE,long_sell,20150604
903,002739.XSHE,long_sell,20150605
2064,002739.XSHE,long,20150605
67,000001.XSHE,long_sell,20150608
904,002739.XSHE,long_sell,20150608
2065,002739.XSHE,long,20150608
905,002739.XSHE,long_sell,20150609
2066,002739.XSHE,long,20150609
68,000001.XSHE,long_sell,20150609
69,000001.XSHE,long_sell,20150610
2067,002739.XSHE,long,20150610
906,002739.XSHE,long_sell,20150610
907,002739.XSHE,long_sell,20150611
70,000001.XSHE,long_sell,20150611
2068,002739.XSHE,long,20150611
908,002739.XSHE,long_sell,20150612
71,000001.XSHE,long_sell,20150612
2069,002739.XSHE,long,20150612
2070,002739.XSHE,long,20150615
72,000001.XSHE,long_sell,20150615
909,002739.XSHE,long_sell,20150615
2071,002739.XSHE,long,20150616
910,002739.XSHE,long_sell,20150616
73,000001.XSHE,long_sell,20150616
2072,002739.XSHE,long,20150617
911,002739.XSHE,long_sell,20150617
74,000001.XSHE,long_sell,20150617
2073,002739.XSHE,long,20150618
912,002739.XSHE,long_sell,20150618
75,000001.XSHE,long_sell,20150618
76,000001.XSHE,long_sell,20150619
2074,002739.XSHE,long,20150619
913,002739.XSHE,long_sell,20150619
77,000001.XSHE,long_sell,20150623
2075,002739.XSHE,long,20150623
914,002739.XSHE,long_sell,20150623
78,000001.XSHE,long_sell,20150624
2076,002739.XSHE,long,20150624
915,002739.XSHE,long_sell,20150624
79,000001.XSHE,long_sell,20150625
2077,002739.XSHE,long,20150625
916,002739.XSHE,long_sell,20150625
2078,002739.XSHE,long,20150626
80,000001.XSHE,long_sell,20150626
917,002739.XSHE,long_sell,20150626
918,002739.XSHE,long_sell,20150629
81,000001.XSHE,long_sell,20150629
2079,002739.XSHE,long,20150629
82,000001.XSHE,long_sell,20150630
919,002739.XSHE,long_sell,20150630
2080,002739.XSHE,long,20150630
920,002739.XSHE,long_sell,20150701
2081,002739.XSHE,long,20150701
83,000001.XSHE,long_sell,20150701
2082,002739.XSHE,long,20150702
921,002739.XSHE,long_sell,20150702
84,000001.XSHE,long_sell,20150702
922,002739.XSHE,long_sell,20150703
2083,002739.XSHE,long,20150703
85,000001.XSHE,long_sell,20150703
2084,002739.XSHE,long,20150706
923,002739.XSHE,long_sell,20150706
86,000001.XSHE,long_sell,20150706
2085,002739.XSHE,long,20150707
87,000001.XSHE,long_sell,20150707
924,002739.XSHE,long_sell,20150707
925,002739.XSHE,long_sell,20150708
2086,002739.XSHE,long,20150708
88,000001.XSHE,long_sell,20150708
89,000001.XSHE,long_sell,20150709
926,002739.XSHE,long_sell,20150709
2087,002739.XSHE,long,20150709
2088,002739.XSHE,long,20150710
90,000001.XSHE,long_sell,20150710
927,002739.XSHE,long_sell,20150710
2089,002739.XSHE,long,20150713
91,000001.XSHE,long_sell,20150713
928,002739.XSHE,long_sell,20150713
2090,002739.XSHE,long,20150714
929,002739.XSHE,long_sell,20150714
92,000001.XSHE,long_sell,20150714
930,002739.XSHE,long_sell,20150715
93,000001.XSHE,long_sell,20150715
2091,002739.XSHE,long,20150715
94,000001.XSHE,long_sell,20150716
2092,002739.XSHE,long,20150716
931,002739.XSHE,long_sell,20150716
2093,002739.XSHE,long,20150717
932,002739.XSHE,long_sell,20150717
933,002739.XSHE,long_sell,20150720
2094,002739.XSHE,long,20150720
2095,002739.XSHE,long,20150721
934,002739.XSHE,long_sell,20150721
2096,002739.XSHE,long,20150722
935,002739.XSHE,long_sell,20150722
2097,002739.XSHE,long,20150723
936,002739.XSHE,long_sell,20150723
2098,002739.XSHE,long,20150724
937,002739.XSHE,long_sell,20150724
95,000001.XSHE,long_sell,20150724
938,002739.XSHE,long_sell,20150727
96,000001.XSHE,long_sell,20150727
2099,002739.XSHE,long,20150727
97,000001.XSHE,long_sell,20150728
2100,002739.XSHE,long,20150728
939,002739.XSHE,long_sell,20150728
2101,002739.XSHE,long,20150729
98,000001.XSHE,long_sell,20150729
940,002739.XSHE,long_sell,20150729
99,000001.XSHE,long_sell,20150730
2102,002739.XSHE,long,20150730
941,002739.XSHE,long_sell,20150730
100,000001.XSHE,long_sell,20150731
2103,002739.XSHE,long,20150731
942,002739.XSHE,long_sell,20150731
2104,002739.XSHE,long,20150803
943,002739.XSHE,long_sell,20150803
101,000001.XSHE,long_sell,20150803
944,002739.XSHE,long_sell,20150804
102,000001.XSHE,long_sell,20150804
2105,002739.XSHE,long,20150804
945,002739.XSHE,long_sell,20150805
103,000001.XSHE,long_sell,20150805
2106,002739.XSHE,long,20150805
946,002739.XSHE,long_sell,20150806
104,000001.XSHE,long_sell,20150806
2107,002739.XSHE,long,20150806
947,002739.XSHE,long_sell,20150807
2108,002739.XSHE,long,20150807
105,000001.XSHE,long_sell,20150807
2109,002739.XSHE,long,20150810
948,002739.XSHE,long_sell,20150810
949,002739.XSHE,long_sell,20150811
2110,002739.XSHE,long,20150811
950,002739.XSHE,long_sell,20150812
2111,002739.XSHE,long,20150812
951,002739.XSHE,long_sell,20150813
2112,002739.XSHE,long,20150813
952,002739.XSHE,long_sell,20150814
2113,002739.XSHE,long,20150814
2114,002739.XSHE,long,20150817
953,002739.XSHE,long_sell,20150817
2115,002739.XSHE,long,20150818
954,002739.XSHE,long_sell,20150818
106,000001.XSHE,long_sell,20150818
2116,002739.XSHE,long,20150819
955,002739.XSHE,long_sell,20150819
2117,002739.XSHE,long,20150820
956,002739.XSHE,long_sell,20150820
2118,002739.XSHE,long,20150821
107,000001.XSHE,long_sell,20150821
957,002739.XSHE,long_sell,20150821
2119,002739.XSHE,long,20150824
108,000001.XSHE,long_sell,20150824
958,002739.XSHE,long_sell,20150824
109,000001.XSHE,long_sell,20150825
959,002739.XSHE,long_sell,20150825
2120,002739.XSHE,long,20150825
960,002739.XSHE,long_sell,20150826
110,000001.XSHE,long_sell,20150826
2121,002739.XSHE,long,20150826
2122,002739.XSHE,long,20150827
961,002739.XSHE,long_sell,20150827
111,000001.XSHE,long_sell,20150827
112,000001.XSHE,long_sell,20150828
962,002739.XSHE,long_sell,20150828
2123,002739.XSHE,long,20150828
2124,002739.XSHE,long,20150831
113,000001.XSHE,long_sell,20150831
963,002739.XSHE,long_sell,20150831
964,002739.XSHE,long_sell,20150901
114,000001.XSHE,long_sell,20150901
2125,002739.XSHE,long,20150901
2126,002739.XSHE,long,20150902
965,002739.XSHE,long_sell,20150902
115,000001.XSHE,long_sell,20150902
966,002739.XSHE,long_sell,20150907
116,000001.XSHE,long_sell,20150907
2127,002739.XSHE,long,20150907
967,002739.XSHE,long_sell,20150908
117,000001.XSHE,long_sell,20150908
2128,002739.XSHE,long,20150908
968,002739.XSHE,long_sell,20150909
2129,002739.XSHE,long,20150909
969,002739.XSHE,long_sell,20150910
2130,002739.XSHE,long,20150910
970,002739.XSHE,long_sell,20150911
2131,002739.XSHE,long,20150911
971,002739.XSHE,long_sell,20150914
2132,002739.XSHE,long,20150914
118,000001.XSHE,long_sell,20150915
972,002739.XSHE,long_sell,20150915
2133,002739.XSHE,long,20150915
119,000001.XSHE,long_sell,20150916
2134,002739.XSHE,long,20150916
973,002739.XSHE,long_sell,20150916
2135,002739.XSHE,long,20150917
120,000001.XSHE,long_sell,20150917
974,002739.XSHE,long_sell,20150917
121,000001.XSHE,long_sell,20150918
975,002739.XSHE,long_sell,20150918
2136,002739.XSHE,long,20150918
2137,002739.XSHE,long,20150921
976,002739.XSHE,long_sell,20150921
2138,002739.XSHE,long,20150922
977,002739.XSHE,long_sell,20150922
2139,002739.XSHE,long,20150923
978,002739.XSHE,long_sell,20150923
122,000001.XSHE,long_sell,20150923
979,002739.XSHE,long_sell,20150924
2140,002739.XSHE,long,20150924
123,000001.XSHE,long_sell,20150924
2141,002739.XSHE,long,20150925
124,000001.XSHE,long_sell,20150925
980,002739.XSHE,long_sell,20150925
981,002739.XSHE,long_sell,20150928
2142,002739.XSHE,long,20150928
125,000001.XSHE,long_sell,20150928
982,002739.XSHE,long_sell,20150929
2143,002739.XSHE,long,20150929
983,002739.XSHE,long_sell,20150930
126,000001.XSHE,long_sell,20150930
2144,002739.XSHE,long,20150930
984,002739.XSHE,long_sell,20151008
2145,002739.XSHE,long,20151008
985,002739.XSHE,long_sell,20151009
2146,002739.XSHE,long,20151009
2147,002739.XSHE,long,20151012
986,002739.XSHE,long_sell,20151012
987,002739.XSHE,long_sell,20151013
2148,002739.XSHE,long,20151013
2149,002739.XSHE,long,20151014
988,002739.XSHE,long_sell,20151014
2150,002739.XSHE,long,20151015
989,002739.XSHE,long_sell,20151015
2151,002739.XSHE,long,20151016
990,002739.XSHE,long_sell,20151016
2152,002739.XSHE,long,20151019
991,002739.XSHE,long_sell,20151019
2153,002739.XSHE,long,20151020
127,000001.XSHE,long_sell,20151020
992,002739.XSHE,long_sell,20151020
128,000001.XSHE,long_sell,20151021
1751,000001.XSHE,long,20151021
993,002739.XSHE,long_sell,20151021
2154,002739.XSHE,long,20151021
1752,000001.XSHE,long,20151022
2155,002739.XSHE,long,20151022
129,000001.XSHE,long_sell,20151022
994,002739.XSHE,long_sell,20151022
2156,002739.XSHE,long,20151023
1753,000001.XSHE,long,20151023
995,002739.XSHE,long_sell,20151023
130,000001.XSHE,long_sell,20151023
996,002739.XSHE,long_sell,20151026
131,000001.XSHE,long_sell,20151026
2157,002739.XSHE,long,20151026
132,000001.XSHE,long_sell,20151027
2158,002739.XSHE,long,20151027
997,002739.XSHE,long_sell,20151027
133,000001.XSHE,long_sell,20151028
998,002739.XSHE,long_sell,20151028
2159,002739.XSHE,long,20151028
2160,002739.XSHE,long,20151029
999,002739.XSHE,long_sell,20151029
134,000001.XSHE,long_sell,20151030
1000,002739.XSHE,long_sell,20151030
2161,002739.XSHE,long,20151030
2162,002739.XSHE,long,20151102
135,000001.XSHE,long_sell,20151102
1001,002739.XSHE,long_sell,20151102
1002,002739.XSHE,long_sell,20151103
136,000001.XSHE,long_sell,20151103
2163,002739.XSHE,long,20151103
2164,002739.XSHE,long,20151104
1003,002739.XSHE,long_sell,20151104
2165,002739.XSHE,long,20151105
1004,002739.XSHE,long_sell,20151105
2166,002739.XSHE,long,20151106
1005,002739.XSHE,long_sell,20151106
2167,002739.XSHE,long,20151109
1006,002739.XSHE,long_sell,20151109
2168,002739.XSHE,long,20151110
1007,002739.XSHE,long_sell,20151110
2169,002739.XSHE,long,20151111
1008,002739.XSHE,long_sell,20151111
1009,002739.XSHE,long_sell,20151112
2170,002739.XSHE,long,20151112
137,000001.XSHE,long_sell,20151112
2171,002739.XSHE,long,20151113
138,000001.XSHE,long_sell,20151113
1010,002739.XSHE,long_sell,20151113
1011,002739.XSHE,long_sell,20151116
2172,002739.XSHE,long,20151116
139,000001.XSHE,long_sell,20151116
2173,002739.XSHE,long,20151117
140,000001.XSHE,long_sell,20151117
1012,002739.XSHE,long_sell,20151117
1013,002739.XSHE,long_sell,20151118
2174,002739.XSHE,long,20151118
141,000001.XSHE,long_sell,20151118
1014,002739.XSHE,long_sell,20151119
2175,002739.XSHE,long,20151119
1015,002739.XSHE,long_sell,20151120
2176,002739.XSHE,long,20151120
142,000001.XSHE,long_sell,20151123
1016,002739.XSHE,long_sell,20151123
2177,002739.XSHE,long,20151123
143,000001.XSHE,long_sell,20151124
1017,002739.XSHE,long_sell,20151124
2178,002739.XSHE,long,20151124
1018,002739.XSHE,long_sell,20151125
2179,002739.XSHE,long,20151125
144,000001.XSHE,long_sell,20151125
1019,002739.XSHE,long_sell,20151126
2180,002739.XSHE,long,20151126
2181,002739.XSHE,long,20151127
1020,002739.XSHE,long_sell,20151127
145,000001.XSHE,long_sell,20151127
2182,002739.XSHE,long,20151130
1021,002739.XSHE,long_sell,20151130
146,000001.XSHE,long_sell,20151130
2183,002739.XSHE,long,20151201
147,000001.XSHE,long_sell,20151201
1022,002739.XSHE,long_sell,20151201
148,000001.XSHE,long_sell,20151202
1023,002739.XSHE,long_sell,20151202
2184,002739.XSHE,long,20151202
2185,002739.XSHE,long,20151203
149,000001.XSHE,long_sell,20151203
1024,002739.XSHE,long_sell,20151203
2186,002739.XSHE,long,20151204
150,000001.XSHE,long_sell,20151204
1025,002739.XSHE,long_sell,20151204
2187,002739.XSHE,long,20151207
151,000001.XSHE,long_sell,20151207
1026,002739.XSHE,long_sell,20151207
2188,002739.XSHE,long,20151208
152,000001.XSHE,long_sell,20151208
1027,002739.XSHE,long_sell,20151208
1028,002739.XSHE,long_sell,20151209
153,000001.XSHE,long_sell,20151209
2189,002739.XSHE,long,20151209
1029,002739.XSHE,long_sell,20151210
2190,002739.XSHE,long,20151210
154,000001.XSHE,long_sell,20151210
1030,002739.XSHE,long_sell,20151211
2191,002739.XSHE,long,20151211
155,000001.XSHE,long_sell,20151211
1031,002739.XSHE,long_sell,20151214
2192,002739.XSHE,long,20151214
2193,002739.XSHE,long,20151215
1032,002739.XSHE,long_sell,20151215
1033,002739.XSHE,long_sell,20151216
2194,002739.XSHE,long,20151216
156,000001.XSHE,long_sell,20151216
1034,002739.XSHE,long_sell,20151217
2195,002739.XSHE,long,20151217
157,000001.XSHE,long_sell,20151217
2196,002739.XSHE,long,20151218
1035,002739.XSHE,long_sell,20151218
2197,002739.XSHE,long,20151221
1036,002739.XSHE,long_sell,20151222
2198,002739.XSHE,long,20151222
1037,002739.XSHE,long_sell,20151223
2199,002739.XSHE,long,20151223
1038,002739.XSHE,long_sell,20151224
2200,002739.XSHE,long,20151224
1039,002739.XSHE,long_sell,20151225
158,000001.XSHE,long_sell,20151225
2201,002739.XSHE,long,20151225
2202,002739.XSHE,long,20151228
1040,002739.XSHE,long_sell,20151228
1041,002739.XSHE,long_sell,20151229
2203,002739.XSHE,long,20151229
1042,002739.XSHE,long_sell,20151230
2204,002739.XSHE,long,20151230
2205,002739.XSHE,long,20151231
159,000001.XSHE,long_sell,20151231
1043,002739.XSHE,long_sell,20151231
1044,002739.XSHE,long_sell,20160104
2206,002739.XSHE,long,20160104
160,000001.XSHE,long_sell,20160104
2207,002739.XSHE,long,20160105
161,000001.XSHE,long_sell,20160105
1045,002739.XSHE,long_sell,20160105
162,000001.XSHE,long_sell,20160106
1046,002739.XSHE,long_sell,20160106
2208,002739.XSHE,long,20160106
2209,002739.XSHE,long,20160107
163,000001.XSHE,long_sell,20160107
1047,002739.XSHE,long_sell,20160107
164,000001.XSHE,long_sell,20160108
2210,002739.XSHE,long,20160108
1048,002739.XSHE,long_sell,20160108
2211,002739.XSHE,long,20160111
165,000001.XSHE,long_sell,20160111
1049,002739.XSHE,long_sell,20160111
1050,002739.XSHE,long_sell,20160112
2212,002739.XSHE,long,20160112
166,000001.XSHE,long_sell,20160112
1051,002739.XSHE,long_sell,20160113
167,000001.XSHE,long_sell,20160113
2213,002739.XSHE,long,20160113
1052,002739.XSHE,long_sell,20160114
2214,002739.XSHE,long,20160114
168,000001.XSHE,long_sell,20160114
169,000001.XSHE,long_sell,20160115
2215,002739.XSHE,long,20160115
1053,002739.XSHE,long_sell,20160115
2216,002739.XSHE,long,20160118
1054,002739.XSHE,long_sell,20160118
170,000001.XSHE,long_sell,20160118
1055,002739.XSHE,long_sell,20160119
2217,002739.XSHE,long,20160119
171,000001.XSHE,long_sell,20160119
1056,002739.XSHE,long_sell,20160120
2218,002739.XSHE,long,20160120
172,000001.XSHE,long_sell,20160120
1057,002739.XSHE,long_sell,20160121
2219,002739.XSHE,long,20160121
173,000001.XSHE,long_sell,20160121
1058,002739.XSHE,long_sell,20160122
2220,002739.XSHE,long,20160122
174,000001.XSHE,long_sell,20160122
2221,002739.XSHE,long,20160125
1059,002739.XSHE,long_sell,20160125
175,000001.XSHE,long_sell,20160125
176,000001.XSHE,long_sell,20160126
2222,002739.XSHE,long,20160126
1060,002739.XSHE,long_sell,20160126
177,000001.XSHE,long_sell,20160127
2223,002739.XSHE,long,20160127
1061,002739.XSHE,long_sell,20160127
178,000001.XSHE,long_sell,20160128
2224,002739.XSHE,long,20160128
1062,002739.XSHE,long_sell,20160128
1063,002739.XSHE,long_sell,20160129
179,000001.XSHE,long_sell,20160129
2225,002739.XSHE,long,20160129
180,000001.XSHE,long_sell,20160201
1064,002739.XSHE,long_sell,20160201
2226,002739.XSHE,long,20160201
181,000001.XSHE,long_sell,20160202
2227,002739.XSHE,long,20160202
1065,002739.XSHE,long_sell,20160202
182,000001.XSHE,long_sell,20160203
2228,002739.XSHE,long,20160203
1066,002739.XSHE,long_sell,20160203
1067,002739.XSHE,long_sell,20160204
2229,002739.XSHE,long,20160204
183,000001.XSHE,long_sell,20160204
1068,002739.XSHE,long_sell,20160205
2230,002739.XSHE,long,20160205
184,000001.XSHE,long_sell,20160205
185,000001.XSHE,long_sell,20160215
2231,002739.XSHE,long,20160215
1069,002739.XSHE,long_sell,20160215
2232,002739.XSHE,long,20160216
1070,002739.XSHE,long_sell,20160216
2233,002739.XSHE,long,20160217
1071,002739.XSHE,long_sell,20160217
2234,002739.XSHE,long,20160218
1072,002739.XSHE,long_sell,20160218
2235,002739.XSHE,long,20160219
1073,002739.XSHE,long_sell,20160219
1074,002739.XSHE,long_sell,20160222
2236,002739.XSHE,long,20160222
2237,002739.XSHE,long,20160223
1075,002739.XSHE,long_sell,20160223
2238,002739.XSHE,long,20160224
1076,002739.XSHE,long_sell,20160224
1077,002739.XSHE,long_sell,20160225
2239,002739.XSHE,long,20160225
186,000001.XSHE,long_sell,20160225
1754,000001.XSHE,long,20160225
1078,002739.XSHE,long_sell,20160226
2240,002739.XSHE,long,20160226
2241,002739.XSHE,long,20160229
1079,002739.XSHE,long_sell,20160229
187,000001.XSHE,long_sell,20160229
1080,002739.XSHE,long_sell,20160301
2242,002739.XSHE,long,20160301
188,000001.XSHE,long_sell,20160301
189,000001.XSHE,long_sell,20160302
2243,002739.XSHE,long,20160302
1081,002739.XSHE,long_sell,20160302
1082,002739.XSHE,long_sell,20160303
190,000001.XSHE,long_sell,20160303
2244,002739.XSHE,long,20160303
1083,002739.XSHE,long_sell,20160304
2245,002739.XSHE,long,20160304
1084,002739.XSHE,long_sell,20160307
2246,002739.XSHE,long,20160307
191,000001.XSHE,long_sell,20160307
1085,002739.XSHE,long_sell,20160308
2247,002739.XSHE,long,20160308
192,000001.XSHE,long_sell,20160308
2248,002739.XSHE,long,20160309
193,000001.XSHE,long_sell,20160309
1086,002739.XSHE,long_sell,20160309
1087,002739.XSHE,long_sell,20160310
2249,002739.XSHE,long,20160310
1755,000001.XSHE,long,20160311
1088,002739.XSHE,long_sell,20160311
2250,002739.XSHE,long,20160311
2251,002739.XSHE,long,20160314
1089,002739.XSHE,long_sell,20160314
2252,002739.XSHE,long,20160315
1090,002739.XSHE,long_sell,20160315
1091,002739.XSHE,long_sell,20160316
2253,002739.XSHE,long,20160316
2254,002739.XSHE,long,20160317
1092,002739.XSHE,long_sell,20160317
2255,002739.XSHE,long,20160318
1756,000001.XSHE,long,20160318
1093,002739.XSHE,long_sell,20160318
2256,002739.XSHE,long,20160321
1757,000001.XSHE,long,20160321
1094,002739.XSHE,long_sell,20160321
1758,000001.XSHE,long,20160322
1095,002739.XSHE,long_sell,20160322
2257,002739.XSHE,long,20160322
194,000001.XSHE,long_sell,20160323
1759,000001.XSHE,long,20160323
2258,002739.XSHE,long,20160323
1096,002739.XSHE,long_sell,20160323
1097,002739.XSHE,long_sell,20160324
1760,000001.XSHE,long,20160324
2259,002739.XSHE,long,20160324
195,000001.XSHE,long_sell,20160324
1098,002739.XSHE,long_sell,20160325
1761,000001.XSHE,long,20160325
2260,002739.XSHE,long,20160325
196,000001.XSHE,long_sell,20160325
1762,000001.XSHE,long,20160328
197,000001.XSHE,long_sell,20160328
1099,002739.XSHE,long_sell,20160328
2261,002739.XSHE,long,20160328
1100,002739.XSHE,long_sell,20160329
2262,002739.XSHE,long,20160329
1101,002739.XSHE,long_sell,20160330
2263,002739.XSHE,long,20160330
2264,002739.XSHE,long,20160331
1102,002739.XSHE,long_sell,20160331
2265,002739.XSHE,long,20160401
1103,002739.XSHE,long_sell,20160401
2266,002739.XSHE,long,20160405
1104,002739.XSHE,long_sell,20160405
1105,002739.XSHE,long_sell,20160406
2267,002739.XSHE,long,20160406
198,000001.XSHE,long_sell,20160407
1106,002739.XSHE,long_sell,20160407
2268,002739.XSHE,long,20160407
1107,002739.XSHE,long_sell,20160408
2269,002739.XSHE,long,20160408
2270,002739.XSHE,long,20160411
1108,002739.XSHE,long_sell,20160411
2271,002739.XSHE,long,20160412
1109,002739.XSHE,long_sell,20160412
2272,002739.XSHE,long,20160413
1110,002739.XSHE,long_sell,20160413
1111,002739.XSHE,long_sell,20160414
2273,002739.XSHE,long,20160414
2274,002739.XSHE,long,20160415
1112,002739.XSHE,long_sell,20160415
2275,002739.XSHE,long,20160418
1113,002739.XSHE,long_sell,20160418
1114,002739.XSHE,long_sell,20160419
2276,002739.XSHE,long,20160419
199,000001.XSHE,long_sell,20160419
2277,002739.XSHE,long,20160420
200,000001.XSHE,long_sell,20160420
1115,002739.XSHE,long_sell,20160420
201,000001.XSHE,long_sell,20160421
2278,002739.XSHE,long,20160421
1116,002739.XSHE,long_sell,20160421
1117,002739.XSHE,long_sell,20160422
2279,002739.XSHE,long,20160422
202,000001.XSHE,long_sell,20160422
203,000001.XSHE,long_sell,20160425
2280,002739.XSHE,long,20160425
1118,002739.XSHE,long_sell,20160425
204,000001.XSHE,long_sell,20160426
2281,002739.XSHE,long,20160426
1119,002739.XSHE,long_sell,20160426
1120,002739.XSHE,long_sell,20160427
2282,002739.XSHE,long,20160427
205,000001.XSHE,long_sell,20160427
2283,002739.XSHE,long,20160428
1121,002739.XSHE,long_sell,20160428
206,000001.XSHE,long_sell,20160428
1122,002739.XSHE,long_sell,20160429
2284,002739.XSHE,long,20160429
207,000001.XSHE,long_sell,20160429
208,000001.XSHE,long_sell,20160503
2285,002739.XSHE,long,20160503
1123,002739.XSHE,long_sell,20160503
209,000001.XSHE,long_sell,20160504
1124,002739.XSHE,long_sell,20160504
2286,002739.XSHE,long,20160504
2287,002739.XSHE,long,20160505
1125,002739.XSHE,long_sell,20160505
2288,002739.XSHE,long,20160506
1126,002739.XSHE,long_sell,20160506
210,000001.XSHE,long_sell,20160506
1127,002739.XSHE,long_sell,20160509
211,000001.XSHE,long_sell,20160509
2289,002739.XSHE,long,20160509
2290,002739.XSHE,long,20160510
212,000001.XSHE,long_sell,20160510
1128,002739.XSHE,long_sell,20160510
213,000001.XSHE,long_sell,20160511
2291,002739.XSHE,long,20160511
1129,002739.XSHE,long_sell,20160511
2292,002739.XSHE,long,20160512
214,000001.XSHE,long_sell,20160512
1130,002739.XSHE,long_sell,20160512
2293,002739.XSHE,long,20160513
215,000001.XSHE,long_sell,20160513
1131,002739.XSHE,long_sell,20160513
1132,002739.XSHE,long_sell,20160516
2294,002739.XSHE,long,20160516
216,000001.XSHE,long_sell,20160516
2295,002739.XSHE,long,20160517
1133,002739.XSHE,long_sell,20160517
217,000001.XSHE,long_sell,20160517
1134,002739.XSHE,long_sell,20160518
2296,002739.XSHE,long,20160518
218,000001.XSHE,long_sell,20160518
1135,002739.XSHE,long_sell,20160519
2297,002739.XSHE,long,20160519
219,000001.XSHE,long_sell,20160519
2298,002739.XSHE,long,20160520
220,000001.XSHE,long_sell,20160520
1136,002739.XSHE,long_sell,20160520
2299,002739.XSHE,long,20160523
1137,002739.XSHE,long_sell,20160523
1138,002739.XSHE,long_sell,20160524
221,000001.XSHE,long_sell,20160524
2300,002739.XSHE,long,20160524
1139,002739.XSHE,long_sell,20160525
222,000001.XSHE,long_sell,20160525
2301,002739.XSHE,long,20160525
2302,002739.XSHE,long,20160526
1140,002739.XSHE,long_sell,20160526
223,000001.XSHE,long_sell,20160526
1141,002739.XSHE,long_sell,20160527
2303,002739.XSHE,long,20160527
224,000001.XSHE,long_sell,20160527
2304,002739.XSHE,long,20160530
225,000001.XSHE,long_sell,20160530
1142,002739.XSHE,long_sell,20160530
2305,002739.XSHE,long,20160531
1143,002739.XSHE,long_sell,20160531
1144,002739.XSHE,long_sell,20160601
2306,002739.XSHE,long,20160601
2307,002739.XSHE,long,20160602
1145,002739.XSHE,long_sell,20160602
2308,002739.XSHE,long,20160603
1146,002739.XSHE,long_sell,20160603
226,000001.XSHE,long_sell,20160608
1147,002739.XSHE,long_sell,20160608
1763,000001.XSHE,long,20160608
227,000001.XSHE,long_sell,20160613
1764,000001.XSHE,long,20160613
1148,002739.XSHE,long_sell,20160613
1765,000001.XSHE,long,20160614
2309,002739.XSHE,long,20160614
1149,002739.XSHE,long_sell,20160614
228,000001.XSHE,long_sell,20160616
1150,002739.XSHE,long_sell,20160616
2310,002739.XSHE,long,20160616
1151,002739.XSHE,long_sell,20160617
229,000001.XSHE,long_sell,20160617
230,000001.XSHE,long_sell,20160620
2311,002739.XSHE,long,20160620
1152,002739.XSHE,long_sell,20160620
231,000001.XSHE,long_sell,20160621
1153,002739.XSHE,long_sell,20160621
232,000001.XSHE,long_sell,20160622
1154,002739.XSHE,long_sell,20160622
233,000001.XSHE,long_sell,20160623
2312,002739.XSHE,long,20160623
1155,002739.XSHE,long_sell,20160623
234,000001.XSHE,long_sell,20160624
1156,002739.XSHE,long_sell,20160624
2313,002739.XSHE,long,20160627
1157,002739.XSHE,long_sell,20160627
235,000001.XSHE,long_sell,20160705
1158,002739.XSHE,long_sell,20160705
1159,002739.XSHE,long_sell,20160706
236,000001.XSHE,long_sell,20160706
1160,002739.XSHE,long_sell,20160707
237,000001.XSHE,long_sell,20160707
1766,000001.XSHE,long,20160708
238,000001.XSHE,long_sell,20160708
1161,002739.XSHE,long_sell,20160708
1162,002739.XSHE,long_sell,20160711
1767,000001.XSHE,long,20160711
239,000001.XSHE,long_sell,20160711
240,000001.XSHE,long_sell,20160712
1163,002739.XSHE,long_sell,20160712
1768,000001.XSHE,long,20160713
241,000001.XSHE,long_sell,20160713
1164,002739.XSHE,long_sell,20160713
242,000001.XSHE,long_sell,20160714
1769,000001.XSHE,long,20160714
1165,002739.XSHE,long_sell,20160714
243,000001.XSHE,long_sell,20160715
1166,002739.XSHE,long_sell,20160715
1770,000001.XSHE,long,20160715
1771,000001.XSHE,long,20160718
244,000001.XSHE,long_sell,20160718
1167,002739.XSHE,long_sell,20160718
1168,002739.XSHE,long_sell,20160719
1772,000001.XSHE,long,20160719
245,000001.XSHE,long_sell,20160719
1169,002739.XSHE,long_sell,20160720
1773,000001.XSHE,long,20160720
246,000001.XSHE,long_sell,20160720
1774,000001.XSHE,long,20160721
1775,000001.XSHE,long,20160722
1776,000001.XSHE,long,20160725
1777,000001.XSHE,long,20160727
1170,002739.XSHE,long_sell,20160727
247,000001.XSHE,long_sell,20160727
248,000001.XSHE,long_sell,20160728
1171,002739.XSHE,long_sell,20160728
1172,002739.XSHE,long_sell,20160729
249,000001.XSHE,long_sell,20160729
1173,002739.XSHE,long_sell,20160801
250,000001.XSHE,long_sell,20160801
1174,002739.XSHE,long_sell,20160802
1778,000001.XSHE,long,20160802
251,000001.XSHE,long_sell,20160802
1779,000001.XSHE,long,20160803
1175,002739.XSHE,long_sell,20160803
252,000001.XSHE,long_sell,20160803
1176,002739.XSHE,long_sell,20160804
1780,000001.XSHE,long,20160804
253,000001.XSHE,long_sell,20160804
254,000001.XSHE,long_sell,20160805
1177,002739.XSHE,long_sell,20160805
1178,002739.XSHE,long_sell,20160808
255,000001.XSHE,long_sell,20160808
1179,002739.XSHE,long_sell,20160809
256,000001.XSHE,long_sell,20160809
1180,002739.XSHE,long_sell,20160829
257,000001.XSHE,long_sell,20160829
2314,002739.XSHE,long,20160830
1181,002739.XSHE,long_sell,20160830
258,000001.XSHE,long_sell,20160830
259,000001.XSHE,long_sell,20160831
1182,002739.XSHE,long_sell,20160831
2315,002739.XSHE,long,20160901
260,000001.XSHE,long_sell,20160901
1183,002739.XSHE,long_sell,20160901
261,000001.XSHE,long_sell,20160902
1184,002739.XSHE,long_sell,20160902
262,000001.XSHE,long_sell,20160905
1185,002739.XSHE,long_sell,20160905
2316,002739.XSHE,long,20160905
1186,002739.XSHE,long_sell,20160908
2317,002739.XSHE,long,20160908
1187,002739.XSHE,long_sell,20160912
263,000001.XSHE,long_sell,20160912
264,000001.XSHE,long_sell,20160913
1188,002739.XSHE,long_sell,20160913
1189,002739.XSHE,long_sell,20160914
265,000001.XSHE,long_sell,20160914
1190,002739.XSHE,long_sell,20160919
266,000001.XSHE,long_sell,20160919
1191,002739.XSHE,long_sell,20160920
267,000001.XSHE,long_sell,20160920
268,000001.XSHE,long_sell,20160921
1192,002739.XSHE,long_sell,20160921
269,000001.XSHE,long_sell,20160922
1193,002739.XSHE,long_sell,20160922
1194,002739.XSHE,long_sell,20160923
270,000001.XSHE,long_sell,20160923
271,000001.XSHE,long_sell,20160926
1195,002739.XSHE,long_sell,20160926
272,000001.XSHE,long_sell,20160927
1196,002739.XSHE,long_sell,20160927
273,000001.XSHE,long_sell,20160928
1197,002739.XSHE,long_sell,20160928
1198,002739.XSHE,long_sell,20160929
274,000001.XSHE,long_sell,20160929
1199,002739.XSHE,long_sell,20161020
275,000001.XSHE,long_sell,20161020
276,000001.XSHE,long_sell,20161021
1200,002739.XSHE,long_sell,20161021
1201,002739.XSHE,long_sell,20161024
277,000001.XSHE,long_sell,20161024
1202,002739.XSHE,long_sell,20161025
278,000001.XSHE,long_sell,20161025
1203,002739.XSHE,long_sell,20161026
279,000001.XSHE,long_sell,20161026
280,000001.XSHE,long_sell,20161027
1204,002739.XSHE,long_sell,20161027
281,000001.XSHE,long_sell,20161028
1205,002739.XSHE,long_sell,20161028
1206,002739.XSHE,long_sell,20161031
282,000001.XSHE,long_sell,20161031
283,000001.XSHE,long_sell,20161114
1207,002739.XSHE,long_sell,20161114
1208,002739.XSHE,long_sell,20161115
284,000001.XSHE,long_sell,20161115
285,000001.XSHE,long_sell,20161116
1209,002739.XSHE,long_sell,20161116
286,000001.XSHE,long_sell,20161117
1781,000001.XSHE,long,20161117
1210,002739.XSHE,long_sell,20161117
1782,000001.XSHE,long,20161118
1211,002739.XSHE,long_sell,20161118
287,000001.XSHE,long_sell,20161118
1783,000001.XSHE,long,20161121
1212,002739.XSHE,long_sell,20161121
288,000001.XSHE,long_sell,20161121
1784,000001.XSHE,long,20161122
289,000001.XSHE,long_sell,20161122
1213,002739.XSHE,long_sell,20161122
1785,000001.XSHE,long,20161123
1214,002739.XSHE,long_sell,20161123
290,000001.XSHE,long_sell,20161123
1786,000001.XSHE,long,20161124
1215,002739.XSHE,long_sell,20161124
291,000001.XSHE,long_sell,20161124
1787,000001.XSHE,long,20161125
292,000001.XSHE,long_sell,20161125
1216,002739.XSHE,long_sell,20161125
1217,002739.XSHE,long_sell,20161128
1788,000001.XSHE,long,20161128
293,000001.XSHE,long_sell,20161128
1789,000001.XSHE,long,20161129
1218,002739.XSHE,long_sell,20161129
294,000001.XSHE,long_sell,20161129
1219,002739.XSHE,long_sell,20161130
1790,000001.XSHE,long,20161130
295,000001.XSHE,long_sell,20161130
1791,000001.XSHE,long,20161201
296,000001.XSHE,long_sell,20161201
1220,002739.XSHE,long_sell,20161201
297,000001.XSHE,long_sell,20161202
1792,000001.XSHE,long,20161202
1221,002739.XSHE,long_sell,20161202
1222,002739.XSHE,long_sell,20161205
298,000001.XSHE,long_sell,20161205
1793,000001.XSHE,long,20161205
1223,002739.XSHE,long_sell,20161206
299,000001.XSHE,long_sell,20161206
300,000001.XSHE,long_sell,20161207
1224,002739.XSHE,long_sell,20161207
301,000001.XSHE,long_sell,20161208
1225,002739.XSHE,long_sell,20161208
1226,002739.XSHE,long_sell,20161209
302,000001.XSHE,long_sell,20161209
303,000001.XSHE,long_sell,20161212
1227,002739.XSHE,long_sell,20161212
1228,002739.XSHE,long_sell,20161213
304,000001.XSHE,long_sell,20161213
1229,002739.XSHE,long_sell,20161214
305,000001.XSHE,long_sell,20161214
1230,002739.XSHE,long_sell,20161215
306,000001.XSHE,long_sell,20161215
1231,002739.XSHE,long_sell,20161216
307,000001.XSHE,long_sell,20161216
1232,002739.XSHE,long_sell,20161219
308,000001.XSHE,long_sell,20161219
1233,002739.XSHE,long_sell,20161220
309,000001.XSHE,long_sell,20161220
1234,002739.XSHE,long_sell,20161221
310,000001.XSHE,long_sell,20161221
1235,002739.XSHE,long_sell,20161222
311,000001.XSHE,long_sell,20161222
312,000001.XSHE,long_sell,20161223
1236,002739.XSHE,long_sell,20161223
1237,002739.XSHE,long_sell,20161226
313,000001.XSHE,long_sell,20161226
314,000001.XSHE,long_sell,20161227
1238,002739.XSHE,long_sell,20161227
315,000001.XSHE,long_sell,20161228
1239,002739.XSHE,long_sell,20161228
1240,002739.XSHE,long_sell,20161229
316,000001.XSHE,long_sell,20161229
317,000001.XSHE,long_sell,20161230
1241,002739.XSHE,long_sell,20161230
1794,000001.XSHE,long,20170113
318,000001.XSHE,long_sell,20170116
1242,002739.XSHE,long_sell,20170116
1795,000001.XSHE,long,20170116
319,000001.XSHE,long_sell,20170117
1796,000001.XSHE,long,20170117
1243,002739.XSHE,long_sell,20170117
320,000001.XSHE,long_sell,20170118
1244,002739.XSHE,long_sell,20170118
1797,000001.XSHE,long,20170119
321,000001.XSHE,long_sell,20170119
1245,002739.XSHE,long_sell,20170119
1798,000001.XSHE,long,20170120
322,000001.XSHE,long_sell,20170120
1246,002739.XSHE,long_sell,20170120
323,000001.XSHE,long_sell,20170123
1799,000001.XSHE,long,20170123
1247,002739.XSHE,long_sell,20170123
1248,002739.XSHE,long_sell,20170124
324,000001.XSHE,long_sell,20170124
1800,000001.XSHE,long,20170124
1801,000001.XSHE,long,20170125
1802,000001.XSHE,long,20170126
2318,002739.XSHE,long,20170126
2319,002739.XSHE,long,20170203
1803,000001.XSHE,long,20170203
1804,000001.XSHE,long,20170206
2320,002739.XSHE,long,20170206
1805,000001.XSHE,long,20170207
2321,002739.XSHE,long,20170207
1806,000001.XSHE,long,20170208
2322,002739.XSHE,long,20170208
1249,002739.XSHE,long_sell,20170208
325,000001.XSHE,long_sell,20170208
1807,000001.XSHE,long,20170209
1250,002739.XSHE,long_sell,20170209
326,000001.XSHE,long_sell,20170209
327,000001.XSHE,long_sell,20170210
1808,000001.XSHE,long,20170210
1251,002739.XSHE,long_sell,20170210
328,000001.XSHE,long_sell,20170213
1809,000001.XSHE,long,20170213
1252,002739.XSHE,long_sell,20170213
329,000001.XSHE,long_sell,20170214
1810,000001.XSHE,long,20170214
1253,002739.XSHE,long_sell,20170214
1811,000001.XSHE,long,20170215
1254,002739.XSHE,long_sell,20170215
330,000001.XSHE,long_sell,20170215
331,000001.XSHE,long_sell,20170216
1812,000001.XSHE,long,20170216
1255,002739.XSHE,long_sell,20170216
1813,000001.XSHE,long,20170217
1256,002739.XSHE,long_sell,20170217
332,000001.XSHE,long_sell,20170217
1814,000001.XSHE,long,20170220
1257,002739.XSHE,long_sell,20170220
333,000001.XSHE,long_sell,20170220
1815,000001.XSHE,long,20170221
1258,002739.XSHE,long_sell,20170221
334,000001.XSHE,long_sell,20170221
335,000001.XSHE,long_sell,20170222
1259,002739.XSHE,long_sell,20170222
1816,000001.XSHE,long,20170222
336,000001.XSHE,long_sell,20170223
1260,002739.XSHE,long_sell,20170223
1817,000001.XSHE,long,20170223
1261,002739.XSHE,long_sell,20170224
1818,000001.XSHE,long,20170224
337,000001.XSHE,long_sell,20170224
1819,000001.XSHE,long,20170227
338,000001.XSHE,long_sell,20170227
1262,002739.XSHE,long_sell,20170227
339,000001.XSHE,long_sell,20170228
1263,002739.XSHE,long_sell,20170228
340,000001.XSHE,long_sell,20170306
1264,002739.XSHE,long_sell,20170306
341,000001.XSHE,long_sell,20170307
1265,002739.XSHE,long_sell,20170307
342,000001.XSHE,long_sell,20170308
1266,002739.XSHE,long_sell,20170308
343,000001.XSHE,long_sell,20170309
1267,002739.XSHE,long_sell,20170309
344,000001.XSHE,long_sell,20170310
1268,002739.XSHE,long_sell,20170310
1269,002739.XSHE,long_sell,20170314
345,000001.XSHE,long_sell,20170314
1270,002739.XSHE,long_sell,20170315
346,000001.XSHE,long_sell,20170315
347,000001.XSHE,long_sell,20170329
1271,002739.XSHE,long_sell,20170329
348,000001.XSHE,long_sell,20170330
1272,002739.XSHE,long_sell,20170330
349,000001.XSHE,long_sell,20170331
1273,002739.XSHE,long_sell,20170331
1274,002739.XSHE,long_sell,20170418
350,000001.XSHE,long_sell,20170418
1275,002739.XSHE,long_sell,20170419
351,000001.XSHE,long_sell,20170419
352,000001.XSHE,long_sell,20170420
1276,002739.XSHE,long_sell,20170420
353,000001.XSHE,long_sell,20170421
1277,002739.XSHE,long_sell,20170421
354,000001.XSHE,long_sell,20170424
1278,002739.XSHE,long_sell,20170424
355,000001.XSHE,long_sell,20170425
1279,002739.XSHE,long_sell,20170425
1280,002739.XSHE,long_sell,20170426
356,000001.XSHE,long_sell,20170426
357,000001.XSHE,long_sell,20170427
1281,002739.XSHE,long_sell,20170427
358,000001.XSHE,long_sell,20170428
1282,002739.XSHE,long_sell,20170428
1283,002739.XSHE,long_sell,20170502
359,000001.XSHE,long_sell,20170502
1284,002739.XSHE,long_sell,20170503
360,000001.XSHE,long_sell,20170503
1285,002739.XSHE,long_sell,20170504
361,000001.XSHE,long_sell,20170504
1286,002739.XSHE,long_sell,20170505
362,000001.XSHE,long_sell,20170505
363,000001.XSHE,long_sell,20170508
1287,002739.XSHE,long_sell,20170508
364,000001.XSHE,long_sell,20170509
1288,002739.XSHE,long_sell,20170509
365,000001.XSHE,long_sell,20170510
1289,002739.XSHE,long_sell,20170510
366,000001.XSHE,long_sell,20170511
1290,002739.XSHE,long_sell,20170511
367,000001.XSHE,long_sell,20170512
1291,002739.XSHE,long_sell,20170512
1292,002739.XSHE,long_sell,20170515
368,000001.XSHE,long_sell,20170515
2323,002739.XSHE,long,20170516
1293,002739.XSHE,long_sell,20170516
369,000001.XSHE,long_sell,20170516
1294,002739.XSHE,long_sell,20170517
370,000001.XSHE,long_sell,20170517
2324,002739.XSHE,long,20170517
1295,002739.XSHE,long_sell,20170518
371,000001.XSHE,long_sell,20170518
2325,002739.XSHE,long,20170518
372,000001.XSHE,long_sell,20170519
1296,002739.XSHE,long_sell,20170519
2326,002739.XSHE,long,20170519
373,000001.XSHE,long_sell,20170522
1297,002739.XSHE,long_sell,20170522
2327,002739.XSHE,long,20170522
1298,002739.XSHE,long_sell,20170523
374,000001.XSHE,long_sell,20170523
1299,002739.XSHE,long_sell,20170601
375,000001.XSHE,long_sell,20170601
1820,000001.XSHE,long,20170602
1821,000001.XSHE,long,20170605
1822,000001.XSHE,long,20170606
1823,000001.XSHE,long,20170607
1824,000001.XSHE,long,20170608
2328,002739.XSHE,long,20170609
1825,000001.XSHE,long,20170609
1826,000001.XSHE,long,20170612
2329,002739.XSHE,long,20170612
2330,002739.XSHE,long,20170613
1300,002739.XSHE,long_sell,20170614
2331,002739.XSHE,long,20170614
376,000001.XSHE,long_sell,20170614
2332,002739.XSHE,long,20170615
377,000001.XSHE,long_sell,20170622
1301,002739.XSHE,long_sell,20170622
1302,002739.XSHE,long_sell,20170623
378,000001.XSHE,long_sell,20170623
1827,000001.XSHE,long,20170630
1828,000001.XSHE,long,20170703
1829,000001.XSHE,long,20170704
379,000001.XSHE,long_sell,20170704
1303,002739.XSHE,long_sell,20170704
1830,000001.XSHE,long,20170705
380,000001.XSHE,long_sell,20170705
1304,002739.XSHE,long_sell,20170705
381,000001.XSHE,long_sell,20170706
1305,002739.XSHE,long_sell,20170706
1831,000001.XSHE,long,20170706
382,000001.XSHE,long_sell,20170707
1306,002739.XSHE,long_sell,20170707
383,000001.XSHE,long_sell,20170710
1307,002739.XSHE,long_sell,20170710
1832,000001.XSHE,long,20170710
384,000001.XSHE,long_sell,20170711
1833,000001.XSHE,long,20170711
1308,002739.XSHE,long_sell,20170711
1834,000001.XSHE,long,20170712
385,000001.XSHE,long_sell,20170712
1309,002739.XSHE,long_sell,20170712
1835,000001.XSHE,long,20170713
386,000001.XSHE,long_sell,20170713
1310,002739.XSHE,long_sell,20170713
1836,000001.XSHE,long,20170714
1311,002739.XSHE,long_sell,20170717
1837,000001.XSHE,long,20170717
387,000001.XSHE,long_sell,20170717
1838,000001.XSHE,long,20170718
1839,000001.XSHE,long,20170719
1840,000001.XSHE,long,20170720
1841,000001.XSHE,long,20170721
1842,000001.XSHE,long,20170724
388,000001.XSHE,long_sell,20170725
1312,002739.XSHE,long_sell,20170725
1843,000001.XSHE,long,20170725
1313,002739.XSHE,long_sell,20170726
1844,000001.XSHE,long,20170726
389,000001.XSHE,long_sell,20170726
390,000001.XSHE,long_sell,20170727
1314,002739.XSHE,long_sell,20170727
1845,000001.XSHE,long,20170727
1315,002739.XSHE,long_sell,20170728
391,000001.XSHE,long_sell,20170728
1316,002739.XSHE,long_sell,20170731
392,000001.XSHE,long_sell,20170731
393,000001.XSHE,long_sell,20170801
1317,002739.XSHE,long_sell,20170801
1318,002739.XSHE,long_sell,20170802
394,000001.XSHE,long_sell,20170802
395,000001.XSHE,long_sell,20170803
1319,002739.XSHE,long_sell,20170803
396,000001.XSHE,long_sell,20170804
1320,002739.XSHE,long_sell,20170804
397,000001.XSHE,long_sell,20170807
1321,002739.XSHE,long_sell,20170807
1322,002739.XSHE,long_sell,20170811
398,000001.XSHE,long_sell,20170811
1323,002739.XSHE,long_sell,20170814
399,000001.XSHE,long_sell,20170814
1324,002739.XSHE,long_sell,20170815
400,000001.XSHE,long_sell,20170815
401,000001.XSHE,long_sell,20170816
1325,002739.XSHE,long_sell,20170816
402,000001.XSHE,long_sell,20170817
1326,002739.XSHE,long_sell,20170817
1327,002739.XSHE,long_sell,20170829
403,000001.XSHE,long_sell,20170829
1328,002739.XSHE,long_sell,20170830
1846,000001.XSHE,long,20170830
404,000001.XSHE,long_sell,20170830
1329,002739.XSHE,long_sell,20170831
1847,000001.XSHE,long,20170831
405,000001.XSHE,long_sell,20170831
1330,002739.XSHE,long_sell,20170901
406,000001.XSHE,long_sell,20170901
1848,000001.XSHE,long,20170901
1331,002739.XSHE,long_sell,20170904
1849,000001.XSHE,long,20170904
407,000001.XSHE,long_sell,20170904
1332,002739.XSHE,long_sell,20170905
1850,000001.XSHE,long,20170905
408,000001.XSHE,long_sell,20170905
1851,000001.XSHE,long,20170906
409,000001.XSHE,long_sell,20170906
1333,002739.XSHE,long_sell,20170906
410,000001.XSHE,long_sell,20170907
1852,000001.XSHE,long,20170907
1334,002739.XSHE,long_sell,20170907
1853,000001.XSHE,long,20170908
411,000001.XSHE,long_sell,20170908
1335,002739.XSHE,long_sell,20170908
412,000001.XSHE,long_sell,20170911
1336,002739.XSHE,long_sell,20170911
1337,002739.XSHE,long_sell,20170915
413,000001.XSHE,long_sell,20170915
414,000001.XSHE,long_sell,20170918
1338,002739.XSHE,long_sell,20170918
415,000001.XSHE,long_sell,20170919
1339,002739.XSHE,long_sell,20170919
1340,002739.XSHE,long_sell,20170920
416,000001.XSHE,long_sell,20170920
417,000001.XSHE,long_sell,20170921
1341,002739.XSHE,long_sell,20170921
418,000001.XSHE,long_sell,20170922
1342,002739.XSHE,long_sell,20170922
419,000001.XSHE,long_sell,20170925
1343,002739.XSHE,long_sell,20170925
420,000001.XSHE,long_sell,20170926
1344,002739.XSHE,long_sell,20170926
421,000001.XSHE,long_sell,20170927
1345,002739.XSHE,long_sell,20170927
422,000001.XSHE,long_sell,20170928
1346,002739.XSHE,long_sell,20170928
423,000001.XSHE,long_sell,20170929
1347,002739.XSHE,long_sell,20170929
1854,000001.XSHE,long,20171018
1855,000001.XSHE,long,20171019
1856,000001.XSHE,long,20171020
1857,000001.XSHE,long,20171023
1348,002739.XSHE,long_sell,20171103
424,000001.XSHE,long_sell,20171103
1858,000001.XSHE,long,20171115
1859,000001.XSHE,long,20171116
1860,000001.XSHE,long,20171117
1861,000001.XSHE,long,20171120
1349,002739.XSHE,long_sell,20171121
425,000001.XSHE,long_sell,20171121
1862,000001.XSHE,long,20171121
1863,000001.XSHE,long,20171122
426,000001.XSHE,long_sell,20171123
1350,002739.XSHE,long_sell,20171123
1864,000001.XSHE,long,20171123
1865,000001.XSHE,long,20171124
1351,002739.XSHE,long_sell,20171124
427,000001.XSHE,long_sell,20171124
1866,000001.XSHE,long,20171127
1352,002739.XSHE,long_sell,20171127
428,000001.XSHE,long_sell,20171127
429,000001.XSHE,long_sell,20171128
1867,000001.XSHE,long,20171128
1353,002739.XSHE,long_sell,20171128
1868,000001.XSHE,long,20171129
430,000001.XSHE,long_sell,20171129
1354,002739.XSHE,long_sell,20171129
431,000001.XSHE,long_sell,20171130
1355,002739.XSHE,long_sell,20171130
1356,002739.XSHE,long_sell,20171201
432,000001.XSHE,long_sell,20171201
433,000001.XSHE,long_sell,20171204
1357,002739.XSHE,long_sell,20171204
434,000001.XSHE,long_sell,20171205
1358,002739.XSHE,long_sell,20171205
1359,002739.XSHE,long_sell,20171206
435,000001.XSHE,long_sell,20171206
436,000001.XSHE,long_sell,20171207
1360,002739.XSHE,long_sell,20171207
1361,002739.XSHE,long_sell,20171208
437,000001.XSHE,long_sell,20171208
438,000001.XSHE,long_sell,20171211
1362,002739.XSHE,long_sell,20171211
439,000001.XSHE,long_sell,20171212
1363,002739.XSHE,long_sell,20171212
440,000001.XSHE,long_sell,20171213
1364,002739.XSHE,long_sell,20171213
441,000001.XSHE,long_sell,20171214
1365,002739.XSHE,long_sell,20171214
442,000001.XSHE,long_sell,20171215
1366,002739.XSHE,long_sell,20171215
443,000001.XSHE,long_sell,20171218
1367,002739.XSHE,long_sell,20171218
444,000001.XSHE,long_sell,20171219
1368,002739.XSHE,long_sell,20171219
1369,002739.XSHE,long_sell,20171220
445,000001.XSHE,long_sell,20171220
446,000001.XSHE,long_sell,20171225
1370,002739.XSHE,long_sell,20171225
447,000001.XSHE,long_sell,20171227
1371,002739.XSHE,long_sell,20171227
1372,002739.XSHE,long_sell,20180108
448,000001.XSHE,long_sell,20180108
1373,002739.XSHE,long_sell,20180109
449,000001.XSHE,long_sell,20180109
450,000001.XSHE,long_sell,20180110
1374,002739.XSHE,long_sell,20180110
1375,002739.XSHE,long_sell,20180111
451,000001.XSHE,long_sell,20180111
1376,002739.XSHE,long_sell,20180112
452,000001.XSHE,long_sell,20180112
1377,002739.XSHE,long_sell,20180115
453,000001.XSHE,long_sell,20180115
1378,002739.XSHE,long_sell,20180116
454,000001.XSHE,long_sell,20180116
1379,002739.XSHE,long_sell,20180117
455,000001.XSHE,long_sell,20180117
456,000001.XSHE,long_sell,20180118
1380,002739.XSHE,long_sell,20180118
1381,002739.XSHE,long_sell,20180119
457,000001.XSHE,long_sell,20180119
1869,000001.XSHE,long,20180122
458,000001.XSHE,long_sell,20180122
1382,002739.XSHE,long_sell,20180122
459,000001.XSHE,long_sell,20180123
1383,002739.XSHE,long_sell,20180123
1870,000001.XSHE,long,20180123
460,000001.XSHE,long_sell,20180124
1871,000001.XSHE,long,20180124
1384,002739.XSHE,long_sell,20180124
1385,002739.XSHE,long_sell,20180125
1872,000001.XSHE,long,20180125
461,000001.XSHE,long_sell,20180125
462,000001.XSHE,long_sell,20180126
1873,000001.XSHE,long,20180126
1386,002739.XSHE,long_sell,20180126
463,000001.XSHE,long_sell,20180129
1387,002739.XSHE,long_sell,20180129
1388,002739.XSHE,long_sell,20180130
464,000001.XSHE,long_sell,20180130
465,000001.XSHE,long_sell,20180201
1389,002739.XSHE,long_sell,20180201
466,000001.XSHE,long_sell,20180202
1390,002739.XSHE,long_sell,20180202
1391,002739.XSHE,long_sell,20180205
467,000001.XSHE,long_sell,20180205
468,000001.XSHE,long_sell,20180206
1392,002739.XSHE,long_sell,20180206
1393,002739.XSHE,long_sell,20180207
469,000001.XSHE,long_sell,20180207
470,000001.XSHE,long_sell,20180208
1394,002739.XSHE,long_sell,20180208
471,000001.XSHE,long_sell,20180209
1395,002739.XSHE,long_sell,20180209
472,000001.XSHE,long_sell,20180212
1396,002739.XSHE,long_sell,20180212
473,000001.XSHE,long_sell,20180213
1397,002739.XSHE,long_sell,20180213
474,000001.XSHE,long_sell,20180214
1398,002739.XSHE,long_sell,20180214
1399,002739.XSHE,long_sell,20180222
475,000001.XSHE,long_sell,20180222
1400,002739.XSHE,long_sell,20180223
476,000001.XSHE,long_sell,20180223
1401,002739.XSHE,long_sell,20180226
477,000001.XSHE,long_sell,20180226
1402,002739.XSHE,long_sell,20180227
478,000001.XSHE,long_sell,20180227
1403,002739.XSHE,long_sell,20180228
479,000001.XSHE,long_sell,20180228
480,000001.XSHE,long_sell,20180312
1404,002739.XSHE,long_sell,20180312
1405,002739.XSHE,long_sell,20180322
481,000001.XSHE,long_sell,20180322
1406,002739.XSHE,long_sell,20180323
482,000001.XSHE,long_sell,20180323
1407,002739.XSHE,long_sell,20180326
483,000001.XSHE,long_sell,20180326
1408,002739.XSHE,long_sell,20180327
484,000001.XSHE,long_sell,20180327
1409,002739.XSHE,long_sell,20180328
485,000001.XSHE,long_sell,20180328
1410,002739.XSHE,long_sell,20180329
486,000001.XSHE,long_sell,20180329
487,000001.XSHE,long_sell,20180330
1411,002739.XSHE,long_sell,20180330
1412,002739.XSHE,long_sell,20180402
488,000001.XSHE,long_sell,20180402
1413,002739.XSHE,long_sell,20180403
489,000001.XSHE,long_sell,20180403
1414,002739.XSHE,long_sell,20180404
490,000001.XSHE,long_sell,20180404
1415,002739.XSHE,long_sell,20180409
491,000001.XSHE,long_sell,20180409
492,000001.XSHE,long_sell,20180416
1416,002739.XSHE,long_sell,20180416
1417,002739.XSHE,long_sell,20180417
493,000001.XSHE,long_sell,20180417
1418,002739.XSHE,long_sell,20180418
494,000001.XSHE,long_sell,20180418
1419,002739.XSHE,long_sell,20180419
495,000001.XSHE,long_sell,20180419
496,000001.XSHE,long_sell,20180420
1420,002739.XSHE,long_sell,20180420
1421,002739.XSHE,long_sell,20180423
497,000001.XSHE,long_sell,20180423
1422,002739.XSHE,long_sell,20180424
498,000001.XSHE,long_sell,20180424
1423,002739.XSHE,long_sell,20180425
499,000001.XSHE,long_sell,20180425
1424,002739.XSHE,long_sell,20180426
500,000001.XSHE,long_sell,20180426
1425,002739.XSHE,long_sell,20180427
501,000001.XSHE,long_sell,20180427
502,000001.XSHE,long_sell,20180502
1426,002739.XSHE,long_sell,20180502
1427,002739.XSHE,long_sell,20180504
503,000001.XSHE,long_sell,20180504
1428,002739.XSHE,long_sell,20180515
504,000001.XSHE,long_sell,20180515
1429,002739.XSHE,long_sell,20180516
505,000001.XSHE,long_sell,20180516
1430,002739.XSHE,long_sell,20180517
506,000001.XSHE,long_sell,20180517
1431,002739.XSHE,long_sell,20180518
507,000001.XSHE,long_sell,20180518
1432,002739.XSHE,long_sell,20180521
508,000001.XSHE,long_sell,20180521
1433,002739.XSHE,long_sell,20180522
509,000001.XSHE,long_sell,20180522
1434,002739.XSHE,long_sell,20180523
510,000001.XSHE,long_sell,20180523
511,000001.XSHE,long_sell,20180524
1435,002739.XSHE,long_sell,20180524
512,000001.XSHE,long_sell,20180525
1436,002739.XSHE,long_sell,20180525
513,000001.XSHE,long_sell,20180528
1437,002739.XSHE,long_sell,20180528
514,000001.XSHE,long_sell,20180529
1438,002739.XSHE,long_sell,20180529
1439,002739.XSHE,long_sell,20180530
515,000001.XSHE,long_sell,20180530
516,000001.XSHE,long_sell,20180531
1440,002739.XSHE,long_sell,20180531
1441,002739.XSHE,long_sell,20180601
517,000001.XSHE,long_sell,20180601
1442,002739.XSHE,long_sell,20180604
518,000001.XSHE,long_sell,20180604
1443,002739.XSHE,long_sell,20180605
519,000001.XSHE,long_sell,20180605
1444,002739.XSHE,long_sell,20180606
520,000001.XSHE,long_sell,20180606
521,000001.XSHE,long_sell,20180607
1445,002739.XSHE,long_sell,20180607
522,000001.XSHE,long_sell,20180608
1446,002739.XSHE,long_sell,20180608
1447,002739.XSHE,long_sell,20180611
523,000001.XSHE,long_sell,20180611
524,000001.XSHE,long_sell,20180612
1448,002739.XSHE,long_sell,20180612
1449,002739.XSHE,long_sell,20180614
525,000001.XSHE,long_sell,20180614
1450,002739.XSHE,long_sell,20180615
526,000001.XSHE,long_sell,20180615
527,000001.XSHE,long_sell,20180619
1451,002739.XSHE,long_sell,20180619
528,000001.XSHE,long_sell,20180620
1452,002739.XSHE,long_sell,20180620
1453,002739.XSHE,long_sell,20180621
529,000001.XSHE,long_sell,20180621
530,000001.XSHE,long_sell,20180622
1454,002739.XSHE,long_sell,20180622
531,000001.XSHE,long_sell,20180625
1455,002739.XSHE,long_sell,20180625
532,000001.XSHE,long_sell,20180626
1456,002739.XSHE,long_sell,20180626
533,000001.XSHE,long_sell,20180627
1457,002739.XSHE,long_sell,20180627
1458,002739.XSHE,long_sell,20180628
534,000001.XSHE,long_sell,20180628
1459,002739.XSHE,long_sell,20180629
535,000001.XSHE,long_sell,20180629
1460,002739.XSHE,long_sell,20180702
536,000001.XSHE,long_sell,20180702
1461,002739.XSHE,long_sell,20180703
537,000001.XSHE,long_sell,20180703
1462,002739.XSHE,long_sell,20180704
538,000001.XSHE,long_sell,20180704
1463,002739.XSHE,long_sell,20180705
539,000001.XSHE,long_sell,20180705
1464,002739.XSHE,long_sell,20180706
540,000001.XSHE,long_sell,20180706
1465,002739.XSHE,long_sell,20180709
541,000001.XSHE,long_sell,20180709
542,000001.XSHE,long_sell,20180710
1466,002739.XSHE,long_sell,20180710
1467,002739.XSHE,long_sell,20180711
543,000001.XSHE,long_sell,20180711
1468,002739.XSHE,long_sell,20180713
544,000001.XSHE,long_sell,20180713
1874,000001.XSHE,long,20180731
1875,000001.XSHE,long,20180801
545,000001.XSHE,long_sell,20180802
1876,000001.XSHE,long,20180802
1469,002739.XSHE,long_sell,20180802
546,000001.XSHE,long_sell,20180803
1470,002739.XSHE,long_sell,20180803
1471,002739.XSHE,long_sell,20180806
547,000001.XSHE,long_sell,20180806
1472,002739.XSHE,long_sell,20180807
548,000001.XSHE,long_sell,20180807
1473,002739.XSHE,long_sell,20180808
549,000001.XSHE,long_sell,20180808
550,000001.XSHE,long_sell,20180809
1474,002739.XSHE,long_sell,20180809
1475,002739.XSHE,long_sell,20180810
551,000001.XSHE,long_sell,20180810
1476,002739.XSHE,long_sell,20180813
552,000001.XSHE,long_sell,20180813
1477,002739.XSHE,long_sell,20180814
553,000001.XSHE,long_sell,20180814
554,000001.XSHE,long_sell,20180815
1478,002739.XSHE,long_sell,20180815
1479,002739.XSHE,long_sell,20180816
555,000001.XSHE,long_sell,20180816
556,000001.XSHE,long_sell,20180817
1480,002739.XSHE,long_sell,20180817
557,000001.XSHE,long_sell,20180820
1481,002739.XSHE,long_sell,20180820
558,000001.XSHE,long_sell,20180821
1482,002739.XSHE,long_sell,20180821
559,000001.XSHE,long_sell,20180822
1483,002739.XSHE,long_sell,20180822
560,000001.XSHE,long_sell,20180823
1484,002739.XSHE,long_sell,20180823
561,000001.XSHE,long_sell,20180824
1485,002739.XSHE,long_sell,20180824
1486,002739.XSHE,long_sell,20180827
562,000001.XSHE,long_sell,20180827
1487,002739.XSHE,long_sell,20180828
563,000001.XSHE,long_sell,20180828
1877,000001.XSHE,long,20180829
1878,000001.XSHE,long,20180830
1879,000001.XSHE,long,20180831
1880,000001.XSHE,long,20180903
1881,000001.XSHE,long,20180904
1882,000001.XSHE,long,20180905
564,000001.XSHE,long_sell,20180905
1488,002739.XSHE,long_sell,20180905
565,000001.XSHE,long_sell,20180906
1489,002739.XSHE,long_sell,20180906
1883,000001.XSHE,long,20180906
566,000001.XSHE,long_sell,20180907
1490,002739.XSHE,long_sell,20180907
1884,000001.XSHE,long,20180907
567,000001.XSHE,long_sell,20180910
1491,002739.XSHE,long_sell,20180910
1492,002739.XSHE,long_sell,20180911
568,000001.XSHE,long_sell,20180911
569,000001.XSHE,long_sell,20180912
1493,002739.XSHE,long_sell,20180912
570,000001.XSHE,long_sell,20180913
1494,002739.XSHE,long_sell,20180913
571,000001.XSHE,long_sell,20180914
1495,002739.XSHE,long_sell,20180914
572,000001.XSHE,long_sell,20180917
1496,002739.XSHE,long_sell,20180917
573,000001.XSHE,long_sell,20180918
1497,002739.XSHE,long_sell,20180918
1885,000001.XSHE,long,20180928
1886,000001.XSHE,long,20181008
1887,000001.XSHE,long,20181009
574,000001.XSHE,long_sell,20181011
1498,002739.XSHE,long_sell,20181011
575,000001.XSHE,long_sell,20181012
1499,002739.XSHE,long_sell,20181012
576,000001.XSHE,long_sell,20181015
1500,002739.XSHE,long_sell,20181015
1501,002739.XSHE,long_sell,20181016
577,000001.XSHE,long_sell,20181016
1502,002739.XSHE,long_sell,20181017
578,000001.XSHE,long_sell,20181017
1503,002739.XSHE,long_sell,20181018
579,000001.XSHE,long_sell,20181018
1504,002739.XSHE,long_sell,20181019
580,000001.XSHE,long_sell,20181019
1505,002739.XSHE,long_sell,20181022
581,000001.XSHE,long_sell,20181022
1506,002739.XSHE,long_sell,20181023
582,000001.XSHE,long_sell,20181023
1507,002739.XSHE,long_sell,20181024
583,000001.XSHE,long_sell,20181024
1508,002739.XSHE,long_sell,20181026
584,000001.XSHE,long_sell,20181026
585,000001.XSHE,long_sell,20181029
1509,002739.XSHE,long_sell,20181029
586,000001.XSHE,long_sell,20181120
1510,002739.XSHE,long_sell,20181120
587,000001.XSHE,long_sell,20181123
1511,002739.XSHE,long_sell,20181123
588,000001.XSHE,long_sell,20181126
1512,002739.XSHE,long_sell,20181126
589,000001.XSHE,long_sell,20181127
1513,002739.XSHE,long_sell,20181127
1514,002739.XSHE,long_sell,20181128
590,000001.XSHE,long_sell,20181128
591,000001.XSHE,long_sell,20181129
1515,002739.XSHE,long_sell,20181129
592,000001.XSHE,long_sell,20181130
1516,002739.XSHE,long_sell,20181130
593,000001.XSHE,long_sell,20181203
1517,002739.XSHE,long_sell,20181203
594,000001.XSHE,long_sell,20181205
1518,002739.XSHE,long_sell,20181205
595,000001.XSHE,long_sell,20181206
1519,002739.XSHE,long_sell,20181206
2333,002739.XSHE,long,20181214
596,000001.XSHE,long_sell,20181217
2334,002739.XSHE,long,20181217
1520,002739.XSHE,long_sell,20181217
597,000001.XSHE,long_sell,20181218
2335,002739.XSHE,long,20181218
1521,002739.XSHE,long_sell,20181218
598,000001.XSHE,long_sell,20181219
1522,002739.XSHE,long_sell,20181219
599,000001.XSHE,long_sell,20181220
1523,002739.XSHE,long_sell,20181220
1524,002739.XSHE,long_sell,20181221
600,000001.XSHE,long_sell,20181221
1525,002739.XSHE,long_sell,20181224
601,000001.XSHE,long_sell,20181224
602,000001.XSHE,long_sell,20181225
1526,002739.XSHE,long_sell,20181225
603,000001.XSHE,long_sell,20181226
1527,002739.XSHE,long_sell,20181226
604,000001.XSHE,long_sell,20181227
1528,002739.XSHE,long_sell,20181227
605,000001.XSHE,long_sell,20181228
1529,002739.XSHE,long_sell,20181228
606,000001.XSHE,long_sell,20190102
1530,002739.XSHE,long_sell,20190102
1531,002739.XSHE,long_sell,20190103
607,000001.XSHE,long_sell,20190103
1532,002739.XSHE,long_sell,20190104
608,000001.XSHE,long_sell,20190104
1533,002739.XSHE,long_sell,20190107
609,000001.XSHE,long_sell,20190107
1888,000001.XSHE,long,20190115
1889,000001.XSHE,long,20190116
1890,000001.XSHE,long,20190117
610,000001.XSHE,long_sell,20190117
1891,000001.XSHE,long,20190118
611,000001.XSHE,long_sell,20190121
1534,002739.XSHE,long_sell,20190121
1892,000001.XSHE,long,20190121
1535,002739.XSHE,long_sell,20190122
1893,000001.XSHE,long,20190122
612,000001.XSHE,long_sell,20190122
1536,002739.XSHE,long_sell,20190123
1894,000001.XSHE,long,20190123
613,000001.XSHE,long_sell,20190123
1895,000001.XSHE,long,20190124
1896,000001.XSHE,long,20190125
1897,000001.XSHE,long,20190128
1898,000001.XSHE,long,20190129
1899,000001.XSHE,long,20190130
1900,000001.XSHE,long,20190131
1901,000001.XSHE,long,20190201
1902,000001.XSHE,long,20190211
1903,000001.XSHE,long,20190212
614,000001.XSHE,long_sell,20190212
1904,000001.XSHE,long,20190213
1905,000001.XSHE,long,20190214
615,000001.XSHE,long_sell,20190214
1906,000001.XSHE,long,20190215
1907,000001.XSHE,long,20190218
1908,000001.XSHE,long,20190219
1537,002739.XSHE,long_sell,20190219
616,000001.XSHE,long_sell,20190219
1909,000001.XSHE,long,20190220
1538,002739.XSHE,long_sell,20190220
617,000001.XSHE,long_sell,20190220
1910,000001.XSHE,long,20190221
618,000001.XSHE,long_sell,20190221
1539,002739.XSHE,long_sell,20190221
1540,002739.XSHE,long_sell,20190222
1911,000001.XSHE,long,20190222
619,000001.XSHE,long_sell,20190222
620,000001.XSHE,long_sell,20190225
1912,000001.XSHE,long,20190225
1541,002739.XSHE,long_sell,20190225
621,000001.XSHE,long_sell,20190226
1913,000001.XSHE,long,20190226
2336,002739.XSHE,long,20190226
1542,002739.XSHE,long_sell,20190226
622,000001.XSHE,long_sell,20190227
2337,002739.XSHE,long,20190227
1914,000001.XSHE,long,20190227
1543,002739.XSHE,long_sell,20190227
2338,002739.XSHE,long,20190228
1544,002739.XSHE,long_sell,20190228
623,000001.XSHE,long_sell,20190228
1915,000001.XSHE,long,20190228
1916,000001.XSHE,long,20190301
2339,002739.XSHE,long,20190301
1545,002739.XSHE,long_sell,20190301
624,000001.XSHE,long_sell,20190301
1917,000001.XSHE,long,20190304
1546,002739.XSHE,long_sell,20190304
2340,002739.XSHE,long,20190304
625,000001.XSHE,long_sell,20190304
1918,000001.XSHE,long,20190305
2341,002739.XSHE,long,20190305
626,000001.XSHE,long_sell,20190305
1547,002739.XSHE,long_sell,20190305
1548,002739.XSHE,long_sell,20190306
1919,000001.XSHE,long,20190306
627,000001.XSHE,long_sell,20190306
628,000001.XSHE,long_sell,20190307
1549,002739.XSHE,long_sell,20190307
1920,000001.XSHE,long,20190307
629,000001.XSHE,long_sell,20190308
1550,002739.XSHE,long_sell,20190308
1921,000001.XSHE,long,20190308
630,000001.XSHE,long_sell,20190311
1551,002739.XSHE,long_sell,20190311
1922,000001.XSHE,long,20190311
1552,002739.XSHE,long_sell,20190320
631,000001.XSHE,long_sell,20190320
1553,002739.XSHE,long_sell,20190321
632,000001.XSHE,long_sell,20190321
633,000001.XSHE,long_sell,20190326
1554,002739.XSHE,long_sell,20190326
634,000001.XSHE,long_sell,20190327
1555,002739.XSHE,long_sell,20190327
1923,000001.XSHE,long,20190409
635,000001.XSHE,long_sell,20190410
1556,002739.XSHE,long_sell,20190410
1924,000001.XSHE,long,20190410
1925,000001.XSHE,long,20190411
1557,002739.XSHE,long_sell,20190411
636,000001.XSHE,long_sell,20190411
637,000001.XSHE,long_sell,20190412
1558,002739.XSHE,long_sell,20190412
1926,000001.XSHE,long,20190412
2342,002739.XSHE,long,20190419
1927,000001.XSHE,long,20190419
638,000001.XSHE,long_sell,20190422
2343,002739.XSHE,long,20190422
1559,002739.XSHE,long_sell,20190422
1928,000001.XSHE,long,20190422
2344,002739.XSHE,long,20190423
639,000001.XSHE,long_sell,20190423
1929,000001.XSHE,long,20190423
1560,002739.XSHE,long_sell,20190423
1561,002739.XSHE,long_sell,20190424
1930,000001.XSHE,long,20190424
2345,002739.XSHE,long,20190424
640,000001.XSHE,long_sell,20190424
1562,002739.XSHE,long_sell,20190425
641,000001.XSHE,long_sell,20190425
1931,000001.XSHE,long,20190425
2346,002739.XSHE,long,20190425
642,000001.XSHE,long_sell,20190426
1563,002739.XSHE,long_sell,20190426
2347,002739.XSHE,long,20190426
1564,002739.XSHE,long_sell,20190429
643,000001.XSHE,long_sell,20190429
1565,002739.XSHE,long_sell,20190430
644,000001.XSHE,long_sell,20190430
1566,002739.XSHE,long_sell,20190506
645,000001.XSHE,long_sell,20190506
646,000001.XSHE,long_sell,20190507
1567,002739.XSHE,long_sell,20190507
647,000001.XSHE,long_sell,20190508
1568,002739.XSHE,long_sell,20190508
1569,002739.XSHE,long_sell,20190509
648,000001.XSHE,long_sell,20190509
1570,002739.XSHE,long_sell,20190510
649,000001.XSHE,long_sell,20190510
1571,002739.XSHE,long_sell,20190513
650,000001.XSHE,long_sell,20190513
651,000001.XSHE,long_sell,20190514
1572,002739.XSHE,long_sell,20190514
652,000001.XSHE,long_sell,20190515
1573,002739.XSHE,long_sell,20190515
1574,002739.XSHE,long_sell,20190516
653,000001.XSHE,long_sell,20190516
654,000001.XSHE,long_sell,20190517
1575,002739.XSHE,long_sell,20190517
1576,002739.XSHE,long_sell,20190520
655,000001.XSHE,long_sell,20190520
1577,002739.XSHE,long_sell,20190521
656,000001.XSHE,long_sell,20190521
657,000001.XSHE,long_sell,20190522
1578,002739.XSHE,long_sell,20190522
658,000001.XSHE,long_sell,20190524
1579,002739.XSHE,long_sell,20190524
659,000001.XSHE,long_sell,20190527
1580,002739.XSHE,long_sell,20190527
660,000001.XSHE,long_sell,20190529
1581,002739.XSHE,long_sell,20190529
661,000001.XSHE,long_sell,20190530
1582,002739.XSHE,long_sell,20190530
662,000001.XSHE,long_sell,20190604
1583,002739.XSHE,long_sell,20190604
663,000001.XSHE,long_sell,20190605
1584,002739.XSHE,long_sell,20190605
664,000001.XSHE,long_sell,20190606
1585,002739.XSHE,long_sell,20190606
665,000001.XSHE,long_sell,20190610
1586,002739.XSHE,long_sell,20190610
666,000001.XSHE,long_sell,20190612
1587,002739.XSHE,long_sell,20190612
667,000001.XSHE,long_sell,20190613
1588,002739.XSHE,long_sell,20190613
668,000001.XSHE,long_sell,20190614
1589,002739.XSHE,long_sell,20190614
669,000001.XSHE,long_sell,20190617
1590,002739.XSHE,long_sell,20190617
1932,000001.XSHE,long,20190618
1933,000001.XSHE,long,20190619
1934,000001.XSHE,long,20190620
1935,000001.XSHE,long,20190621
1936,000001.XSHE,long,20190624
1937,000001.XSHE,long,20190625
1938,000001.XSHE,long,20190626
1939,000001.XSHE,long,20190627
1591,002739.XSHE,long_sell,20190628
670,000001.XSHE,long_sell,20190628
1940,000001.XSHE,long,20190628
671,000001.XSHE,long_sell,20190701
1941,000001.XSHE,long,20190701
1592,002739.XSHE,long_sell,20190701
1593,002739.XSHE,long_sell,20190702
672,000001.XSHE,long_sell,20190702
1942,000001.XSHE,long,20190702
673,000001.XSHE,long_sell,20190703
1943,000001.XSHE,long,20190703
1594,002739.XSHE,long_sell,20190703
1944,000001.XSHE,long,20190704
674,000001.XSHE,long_sell,20190704
1595,002739.XSHE,long_sell,20190704
1945,000001.XSHE,long,20190705
675,000001.XSHE,long_sell,20190705
1596,002739.XSHE,long_sell,20190705
676,000001.XSHE,long_sell,20190708
1946,000001.XSHE,long,20190708
1597,002739.XSHE,long_sell,20190708
1598,002739.XSHE,long_sell,20190709
1947,000001.XSHE,long,20190709
677,000001.XSHE,long_sell,20190709
678,000001.XSHE,long_sell,20190710
1599,002739.XSHE,long_sell,20190710
679,000001.XSHE,long_sell,20190711
1600,002739.XSHE,long_sell,20190711
1601,002739.XSHE,long_sell,20190712
680,000001.XSHE,long_sell,20190712
1602,002739.XSHE,long_sell,20190715
681,000001.XSHE,long_sell,20190715
1603,002739.XSHE,long_sell,20190716
682,000001.XSHE,long_sell,20190716
1604,002739.XSHE,long_sell,20190717
683,000001.XSHE,long_sell,20190717
684,000001.XSHE,long_sell,20190718
1605,002739.XSHE,long_sell,20190718
685,000001.XSHE,long_sell,20190719
1606,002739.XSHE,long_sell,20190719
686,000001.XSHE,long_sell,20190722
1607,002739.XSHE,long_sell,20190722
1608,002739.XSHE,long_sell,20190723
687,000001.XSHE,long_sell,20190723
688,000001.XSHE,long_sell,20190729
1609,002739.XSHE,long_sell,20190729
689,000001.XSHE,long_sell,20190802
1610,002739.XSHE,long_sell,20190802
690,000001.XSHE,long_sell,20190805
1611,002739.XSHE,long_sell,20190805
1612,002739.XSHE,long_sell,20190806
691,000001.XSHE,long_sell,20190806
692,000001.XSHE,long_sell,20190807
1613,002739.XSHE,long_sell,20190807
1614,002739.XSHE,long_sell,20190808
693,000001.XSHE,long_sell,20190808
1615,002739.XSHE,long_sell,20190809
694,000001.XSHE,long_sell,20190809
695,000001.XSHE,long_sell,20190812
1616,002739.XSHE,long_sell,20190812
696,000001.XSHE,long_sell,20190813
1617,002739.XSHE,long_sell,20190813
697,000001.XSHE,long_sell,20190814
1618,002739.XSHE,long_sell,20190814
1948,000001.XSHE,long,20190815
1619,002739.XSHE,long_sell,20190815
698,000001.XSHE,long_sell,20190815
1949,000001.XSHE,long,20190816
1620,002739.XSHE,long_sell,20190816
699,000001.XSHE,long_sell,20190816
1950,000001.XSHE,long,20190819
1951,000001.XSHE,long,20190820
1952,000001.XSHE,long,20190821
1953,000001.XSHE,long,20190822
700,000001.XSHE,long_sell,20190827
1621,002739.XSHE,long_sell,20190827
701,000001.XSHE,long_sell,20190828
1622,002739.XSHE,long_sell,20190828
1623,002739.XSHE,long_sell,20190829
702,000001.XSHE,long_sell,20190829
703,000001.XSHE,long_sell,20190830
1624,002739.XSHE,long_sell,20190830
2348,002739.XSHE,long,20190904
2349,002739.XSHE,long,20190905
704,000001.XSHE,long_sell,20190905
1625,002739.XSHE,long_sell,20190905
1626,002739.XSHE,long_sell,20190906
705,000001.XSHE,long_sell,20190906
2350,002739.XSHE,long,20190906
1627,002739.XSHE,long_sell,20190909
2351,002739.XSHE,long,20190909
706,000001.XSHE,long_sell,20190909
2352,002739.XSHE,long,20190910
707,000001.XSHE,long_sell,20190910
1628,002739.XSHE,long_sell,20190910
1629,002739.XSHE,long_sell,20190911
2353,002739.XSHE,long,20190911
708,000001.XSHE,long_sell,20190911
709,000001.XSHE,long_sell,20190912
2354,002739.XSHE,long,20190912
1630,002739.XSHE,long_sell,20190912
2355,002739.XSHE,long,20190916
1631,002739.XSHE,long_sell,20190916
710,000001.XSHE,long_sell,20190916
711,000001.XSHE,long_sell,20190917
1632,002739.XSHE,long_sell,20190917
2356,002739.XSHE,long,20190917
712,000001.XSHE,long_sell,20190918
2357,002739.XSHE,long,20190918
1633,002739.XSHE,long_sell,20190918
2358,002739.XSHE,long,20190919
2359,002739.XSHE,long,20190920
1634,002739.XSHE,long_sell,20190923
2360,002739.XSHE,long,20190923
713,000001.XSHE,long_sell,20190923
2361,002739.XSHE,long,20190924
1635,002739.XSHE,long_sell,20190924
714,000001.XSHE,long_sell,20190924
1636,002739.XSHE,long_sell,20190925
715,000001.XSHE,long_sell,20190925
1637,002739.XSHE,long_sell,20190926
716,000001.XSHE,long_sell,20190926
1638,002739.XSHE,long_sell,20190927
1954,000001.XSHE,long,20190927
717,000001.XSHE,long_sell,20190927
718,000001.XSHE,long_sell,20190930
1639,002739.XSHE,long_sell,20190930
1955,000001.XSHE,long,20190930
719,000001.XSHE,long_sell,20191008
1640,002739.XSHE,long_sell,20191008
1956,000001.XSHE,long,20191008
1641,002739.XSHE,long_sell,20191009
1957,000001.XSHE,long,20191009
720,000001.XSHE,long_sell,20191009
721,000001.XSHE,long_sell,20191010
1958,000001.XSHE,long,20191010
1642,002739.XSHE,long_sell,20191010
722,000001.XSHE,long_sell,20191011
1959,000001.XSHE,long,20191011
1643,002739.XSHE,long_sell,20191011
1960,000001.XSHE,long,20191014
1961,000001.XSHE,long,20191015
1962,000001.XSHE,long,20191016
1963,000001.XSHE,long,20191017
1964,000001.XSHE,long,20191018
1965,000001.XSHE,long,20191021
1644,002739.XSHE,long_sell,20191024
723,000001.XSHE,long_sell,20191024
724,000001.XSHE,long_sell,20191025
1645,002739.XSHE,long_sell,20191025
1646,002739.XSHE,long_sell,20191028
725,000001.XSHE,long_sell,20191028
726,000001.XSHE,long_sell,20191029
1647,002739.XSHE,long_sell,20191029
727,000001.XSHE,long_sell,20191030
1648,002739.XSHE,long_sell,20191030
1649,002739.XSHE,long_sell,20191031
728,000001.XSHE,long_sell,20191031
1650,002739.XSHE,long_sell,20191111
729,000001.XSHE,long_sell,20191111
1651,002739.XSHE,long_sell,20191112
730,000001.XSHE,long_sell,20191112
731,000001.XSHE,long_sell,20191113
1652,002739.XSHE,long_sell,20191113
732,000001.XSHE,long_sell,20191114
1653,002739.XSHE,long_sell,20191114
733,000001.XSHE,long_sell,20191115
1654,002739.XSHE,long_sell,20191115
734,000001.XSHE,long_sell,20191118
1655,002739.XSHE,long_sell,20191118
1656,002739.XSHE,long_sell,20191119
735,000001.XSHE,long_sell,20191119
1657,002739.XSHE,long_sell,20191120
736,000001.XSHE,long_sell,20191120
737,000001.XSHE,long_sell,20191121
1658,002739.XSHE,long_sell,20191121
1659,002739.XSHE,long_sell,20191122
738,000001.XSHE,long_sell,20191122
1660,002739.XSHE,long_sell,20191125
739,000001.XSHE,long_sell,20191125
1661,002739.XSHE,long_sell,20191126
740,000001.XSHE,long_sell,20191126
1662,002739.XSHE,long_sell,20191127
741,000001.XSHE,long_sell,20191127
1663,002739.XSHE,long_sell,20191128
742,000001.XSHE,long_sell,20191128
1664,002739.XSHE,long_sell,20191129
743,000001.XSHE,long_sell,20191129
1665,002739.XSHE,long_sell,20191202
744,000001.XSHE,long_sell,20191202
1666,002739.XSHE,long_sell,20191203
745,000001.XSHE,long_sell,20191203
1667,002739.XSHE,long_sell,20191204
746,000001.XSHE,long_sell,20191204
1668,002739.XSHE,long_sell,20191205
747,000001.XSHE,long_sell,20191205
2362,002739.XSHE,long,20191210
2363,002739.XSHE,long,20191211
2364,002739.XSHE,long,20191212
2365,002739.XSHE,long,20191213
2366,002739.XSHE,long,20191216
748,000001.XSHE,long_sell,20191217
2367,002739.XSHE,long,20191217
1669,002739.XSHE,long_sell,20191217
749,000001.XSHE,long_sell,20191218
1966,000001.XSHE,long,20191218
1670,002739.XSHE,long_sell,20191218
2368,002739.XSHE,long,20191218
2369,002739.XSHE,long,20191219
1967,000001.XSHE,long,20191219
1671,002739.XSHE,long_sell,20191219
750,000001.XSHE,long_sell,20191219
1672,002739.XSHE,long_sell,20191220
2370,002739.XSHE,long,20191220
751,000001.XSHE,long_sell,20191220
1968,000001.XSHE,long,20191220
752,000001.XSHE,long_sell,20191223
1969,000001.XSHE,long,20191223
2371,002739.XSHE,long,20191223
1673,002739.XSHE,long_sell,20191223
753,000001.XSHE,long_sell,20191224
1674,002739.XSHE,long_sell,20191224
2372,002739.XSHE,long,20191224
1970,000001.XSHE,long,20191224
1971,000001.XSHE,long,20191225
2373,002739.XSHE,long,20191225
1972,000001.XSHE,long,20191226
2374,002739.XSHE,long,20191226
2375,002739.XSHE,long,20191227
1973,000001.XSHE,long,20191227
1974,000001.XSHE,long,20191230
2376,002739.XSHE,long,20200103
2377,002739.XSHE,long,20200106
2378,002739.XSHE,long,20200107
754,000001.XSHE,long_sell,20200107
1975,000001.XSHE,long,20200107
1675,002739.XSHE,long_sell,20200107
755,000001.XSHE,long_sell,20200108
1676,002739.XSHE,long_sell,20200108
1976,000001.XSHE,long,20200108
2379,002739.XSHE,long,20200108
756,000001.XSHE,long_sell,20200109
2380,002739.XSHE,long,20200109
1977,000001.XSHE,long,20200109
1677,002739.XSHE,long_sell,20200109
1678,002739.XSHE,long_sell,20200110
2381,002739.XSHE,long,20200110
757,000001.XSHE,long_sell,20200110
2382,002739.XSHE,long,20200113
758,000001.XSHE,long_sell,20200113
1679,002739.XSHE,long_sell,20200113
2383,002739.XSHE,long,20200114
1680,002739.XSHE,long_sell,20200114
759,000001.XSHE,long_sell,20200114
760,000001.XSHE,long_sell,20200115
2384,002739.XSHE,long,20200115
1681,002739.XSHE,long_sell,20200115
2385,002739.XSHE,long,20200116
1682,002739.XSHE,long_sell,20200116
761,000001.XSHE,long_sell,20200116
1683,002739.XSHE,long_sell,20200117
2386,002739.XSHE,long,20200117
762,000001.XSHE,long_sell,20200117
2387,002739.XSHE,long,20200120
1684,002739.XSHE,long_sell,20200121
763,000001.XSHE,long_sell,20200121
1685,002739.XSHE,long_sell,20200122
764,000001.XSHE,long_sell,20200122
765,000001.XSHE,long_sell,20200123
1686,002739.XSHE,long_sell,20200123
766,000001.XSHE,long_sell,20200203
1687,002739.XSHE,long_sell,20200203
767,000001.XSHE,long_sell,20200204
1688,002739.XSHE,long_sell,20200204
768,000001.XSHE,long_sell,20200205
1689,002739.XSHE,long_sell,20200205
769,000001.XSHE,long_sell,20200206
1690,002739.XSHE,long_sell,20200206
1691,002739.XSHE,long_sell,20200207
770,000001.XSHE,long_sell,20200207
771,000001.XSHE,long_sell,20200210
1692,002739.XSHE,long_sell,20200210
772,000001.XSHE,long_sell,20200211
1693,002739.XSHE,long_sell,20200211
773,000001.XSHE,long_sell,20200212
1694,002739.XSHE,long_sell,20200212
774,000001.XSHE,long_sell,20200213
1695,002739.XSHE,long_sell,20200213
1696,002739.XSHE,long_sell,20200214
775,000001.XSHE,long_sell,20200214
1978,000001.XSHE,long,20200221
1697,002739.XSHE,long_sell,20200221
2388,002739.XSHE,long,20200221
776,000001.XSHE,long_sell,20200221
1698,002739.XSHE,long_sell,20200224
777,000001.XSHE,long_sell,20200224
1979,000001.XSHE,long,20200224
2389,002739.XSHE,long,20200224
1699,002739.XSHE,long_sell,20200225
778,000001.XSHE,long_sell,20200225
1980,000001.XSHE,long,20200225
2390,002739.XSHE,long,20200225
1700,002739.XSHE,long_sell,20200226
779,000001.XSHE,long_sell,20200226
2391,002739.XSHE,long,20200226
1981,000001.XSHE,long,20200226
2392,002739.XSHE,long,20200227
1701,002739.XSHE,long_sell,20200227
780,000001.XSHE,long_sell,20200227
1702,002739.XSHE,long_sell,20200228
781,000001.XSHE,long_sell,20200228
1703,002739.XSHE,long_sell,20200302
782,000001.XSHE,long_sell,20200302
1704,002739.XSHE,long_sell,20200306
783,000001.XSHE,long_sell,20200306
784,000001.XSHE,long_sell,20200309
1705,002739.XSHE,long_sell,20200309
785,000001.XSHE,long_sell,20200310
1706,002739.XSHE,long_sell,20200310
1707,002739.XSHE,long_sell,20200311
786,000001.XSHE,long_sell,20200311
1708,002739.XSHE,long_sell,20200312
787,000001.XSHE,long_sell,20200312
788,000001.XSHE,long_sell,20200316
1709,002739.XSHE,long_sell,20200316
1710,002739.XSHE,long_sell,20200317
789,000001.XSHE,long_sell,20200317
1711,002739.XSHE,long_sell,20200318
790,000001.XSHE,long_sell,20200318
791,000001.XSHE,long_sell,20200319
1712,002739.XSHE,long_sell,20200319
1713,002739.XSHE,long_sell,20200320
792,000001.XSHE,long_sell,20200320
1714,002739.XSHE,long_sell,20200323
793,000001.XSHE,long_sell,20200323
1715,002739.XSHE,long_sell,20200324
794,000001.XSHE,long_sell,20200324
1716,002739.XSHE,long_sell,20200325
795,000001.XSHE,long_sell,20200325
796,000001.XSHE,long_sell,20200326
1717,002739.XSHE,long_sell,20200326
797,000001.XSHE,long_sell,20200327
1718,002739.XSHE,long_sell,20200327
1719,002739.XSHE,long_sell,20200330
798,000001.XSHE,long_sell,20200330
1720,002739.XSHE,long_sell,20200331
799,000001.XSHE,long_sell,20200331
1721,002739.XSHE,long_sell,20200421
800,000001.XSHE,long_sell,20200421
1722,002739.XSHE,long_sell,20200422
801,000001.XSHE,long_sell,20200422
1723,002739.XSHE,long_sell,20200423
802,000001.XSHE,long_sell,20200423
803,000001.XSHE,long_sell,20200424
1724,002739.XSHE,long_sell,20200424
1725,002739.XSHE,long_sell,20200428
804,000001.XSHE,long_sell,20200428
1982,000001.XSHE,long,20200430
1983,000001.XSHE,long,20200506
1984,000001.XSHE,long,20200507
2393,002739.XSHE,long,20200507
2394,002739.XSHE,long,20200508
1985,000001.XSHE,long,20200508
2395,002739.XSHE,long,20200511
805,000001.XSHE,long_sell,20200512
1726,002739.XSHE,long_sell,20200512
2396,002739.XSHE,long,20200512
806,000001.XSHE,long_sell,20200513
2397,002739.XSHE,long,20200513
1727,002739.XSHE,long_sell,20200513
2398,002739.XSHE,long,20200514
807,000001.XSHE,long_sell,20200514
1728,002739.XSHE,long_sell,20200514
2399,002739.XSHE,long,20200515
1729,002739.XSHE,long_sell,20200515
808,000001.XSHE,long_sell,20200515
809,000001.XSHE,long_sell,20200521
1730,002739.XSHE,long_sell,20200521
810,000001.XSHE,long_sell,20200522
1731,002739.XSHE,long_sell,20200522
811,000001.XSHE,long_sell,20200525
1732,002739.XSHE,long_sell,20200525
1733,002739.XSHE,long_sell,20200526
812,000001.XSHE,long_sell,20200526
1734,002739.XSHE,long_sell,20200527
813,000001.XSHE,long_sell,20200527
1735,002739.XSHE,long_sell,20200528
814,000001.XSHE,long_sell,20200528
1736,002739.XSHE,long_sell,20200529
815,000001.XSHE,long_sell,20200529
816,000001.XSHE,long_sell,20200610
1737,002739.XSHE,long_sell,20200610
817,000001.XSHE,long_sell,20200611
1738,002739.XSHE,long_sell,20200611
1739,002739.XSHE,long_sell,20200612
818,000001.XSHE,long_sell,20200612
1740,002739.XSHE,long_sell,20200615
819,000001.XSHE,long_sell,20200615
1741,002739.XSHE,long_sell,20200625
820,000001.XSHE,long_sell,20200625
