date,close,high,open,low,vol,settle,amount,percent,close_EMA_5,close_EMA_7,close_EMA_14,close_EMA_21,close_EMA_3,close_EMA_15,close_EMA_30,close_EMA_45,close_EMA_25,close_EMA_50,close_EMA_75,close_EMA_10,close_EMA_20,close_EMA_40,close_EMA_80,close_EMA_5_3,close_EMA_10_3,close_EMA_20_3,close_EMA_40_3,close_EMA_80_3,close_EMA_5_-3,close_EMA_10_-3,close_EMA_20_-3,close_EMA_40_-3,close_EMA_80_-3,close_shift_4,BIAS_5,BIAS_50,CCI,K,D,J,WR,RSI_6,RSI_12,ROC_6,ROC_12,RSI_24,Dea,MACD,close_EMA_26,close_EMA_12,close_MA_5,close_MA_10,close_MA_20,close_MA_30,close_MA_40,close_MA_60,Klength,KUpperlength,KLowerlength,MeanAmplitude,MB,UP,DN
20190118,5.73,5.73,5.73,5.73,2.523e-05,,0.01445742,,5.73,5.73,5.73,5.73,5.73,5.73,5.73,5.73,5.73,5.73,5.73,5.73,5.73,5.73,5.73,5.9019,5.9019,5.9019,5.9019,5.9019,5.5581000000000005,5.5581000000000005,5.5581000000000005,5.5581000000000005,5.5581000000000005,,,,,,,,,,,,,,0.0,0.0,5.73,5.73,,,,,,,0.0,0.0,0.0,,,,
20190121,6.3,6.3,6.3,6.3,5.765e-05,5.73,0.0363229025,9.9476439791,5.920000000000001,5.8725000000000005,5.806,5.781818181818182,6.015000000000001,5.80125,5.766774193548388,5.754782608695653,5.773846153846154,5.752352941176472,5.745000000000001,5.833636363636364,5.784285714285714,5.757804878048781,5.744074074074074,6.097600000000001,6.008645454545455,5.957814285714285,5.930539024390245,5.916396296296297,5.742400000000001,5.658627272727273,5.6107571428571426,5.585070731707318,5.571751851851852,,,,,,,,,,,,,,0.009094017094017026,0.07275213675213621,5.772222222222222,5.817692307692307,,,,,,,0.0,0.0,0.0,,,,
20190122,6.93,6.93,6.93,6.93,0.00010261,6.3,0.071111435,10.0,6.256666666666668,6.136875,5.955866666666666,5.886198347107438,6.4725,5.94234375,5.841821019771072,5.8058790170132335,5.8627810650887575,5.798535178777395,5.776184210526317,6.032975206611571,5.8934013605442175,5.81498512790006,5.773356195701875,6.444366666666668,6.213964462809918,6.070203401360544,5.9894346817370625,5.946556881572931,6.068966666666667,5.851985950413224,5.716599319727891,5.640535574063058,5.6001555098308184,,,,,,,,,,,,,,0.03344181946575091,0.19478241897387108,5.857983539094651,5.988816568047337,,,,,,,0.0,0.0,0.0,,,,
20190123,7.62,7.62,7.62,7.62,0.0002001,6.93,0.15247727,9.9567099567,6.711111111111112,6.50765625,6.17775111111111,6.043816679188581,7.046250000000001,6.15205078125,5.956542244301971,5.884753842360484,5.997951752389623,5.869965171766516,5.8247056786703615,6.32152516904583,6.057839326206673,5.903034633856155,5.818952339017878,6.9124444444444455,6.511170924117205,6.239574505992873,6.08012567287184,5.9935209091884145,6.509777777777779,6.131879413974455,5.876104146420473,5.72594359484047,5.644383768847342,,,,,,,,,,,,,,0.07700637323886696,0.3485164301849284,5.9885032769394915,6.239767865270823,,,,,,,0.0,0.0,0.0,,,,
20190124,8.38,8.38,8.38,8.38,0.00020974,7.62,0.17576598,9.9737532808,7.267407407407409,6.9757421875,6.4713842962962955,6.256196981080527,7.713125000000001,6.4305444335937505,6.112894357572811,5.993242805736116,6.181186232975036,5.968397910128614,5.891950266073773,6.695793320128406,6.278997485615561,6.02386221269244,5.882188083733486,7.485429629629631,6.896667119732258,6.4673674101840275,6.2045780790732135,6.058653726245491,7.049385185185186,6.494919520524554,6.090627561047094,5.843146346311666,5.705722441221481,5.73,19.851258581235708,,,,,,,,,,,,0.14228173162818747,0.5222028671145642,6.165651182351381,6.56903434753685,6.992,,,,,,0.0,0.0,0.0,,,,
20190125,9.22,9.22,9.22,9.22,0.00023441,8.38,0.21613468,10.0238663484,7.918271604938273,7.5368066406250005,6.837866390123455,6.525633619164116,8.4665625,6.779226379394531,6.313352786116501,6.133536596791067,6.414941138130802,6.095911717574551,5.979530522229727,7.154739989195968,6.559092963175984,6.179771373048906,5.964603192777104,8.155819753086421,7.369382188871847,6.755865752071264,6.365164514240374,6.143541288560417,7.680723456790124,6.940097789520089,6.362320174280704,5.994378231857438,5.785665096993791,6.3,19.895968790637195,,,,,,,100.0,,,,,0.23082058014827406,0.7083107881606928,6.391899242917945,6.976875217146565,7.69,,,,,,0.0,0.0,0.0,,,,
20190128,9.57,10.14,10.14,9.51,0.01844183,9.22,18.17268608,3.7960954447,8.468847736625515,8.04510498046875,7.2021508714403275,6.802394199240106,9.018281250000001,7.128073081970215,6.523459057979952,6.2829480491044984,6.6576379736592015,6.2321504737480975,6.074016561118418,7.59387817297852,6.84584601430208,6.345148379241643,6.053625336165323,8.722913168724281,7.821694518167876,7.051221394731143,6.535502830618893,6.2352340962502835,8.214782304526748,7.366061827789164,6.640470633873018,6.154793927864394,5.872016576080363,6.93,14.693192713326953,,,,,,,100.0,,67.01570680628272,,,0.3343571396423787,0.8282924759528367,6.627314113812912,7.375817491431709,8.344,,,,,,-0.5700000000000003,0.0,0.0600000000000005,,,,
20190129,9.43,9.88,9.5,9.27,0.01204967,9.57,11.63888,-1.4629049112,8.78923182441701,8.391328735351562,7.499197421914951,7.041267453854643,9.224140625,7.415813946723938,6.710977828432859,6.4197763947956075,6.870896591070032,6.357556337522682,6.162331914773197,7.9277185051642425,7.091955917701883,6.495628946107905,6.136992611815563,9.05290877914952,8.16555006031917,7.30471459523294,6.690497814491142,6.32110239017003,8.5255548696845,7.689886950009315,6.879197240170826,6.300760077724668,5.9528828334610955,7.62,6.625961103573047,,,50.0,50.0,50.0,,94.96402877697841,,49.682539682539684,,,0.4388707304979607,0.8361087268446562,6.834920475752695,7.691845569672984,8.844,,,,,,-0.07000000000000028,0.3800000000000008,0.16000000000000014,,,,
20190130,9.62,9.78,9.44,9.4,0.00892129,9.43,8.56583168,2.0148462354,9.06615454961134,8.69849655151367,7.7819710989929565,7.2756976853224025,9.4220703125,7.691337203383446,6.898656678211385,6.558916551543625,7.082366084064645,6.485495304678655,6.253323180173902,8.235406049679835,7.3327220207778945,6.648037290200201,6.22299279423987,9.338139186099681,8.48246823117023,7.552703681401232,6.847478408906207,6.409682578067066,8.794169913123,7.98834386818944,7.112740360154557,6.448596171494195,6.036303010412674,8.38,4.067503245348328,,,62.736205593348444,54.245401864449484,79.71781305114636,,93.859649122807,,38.81673881673881,,,0.5405489944116162,0.8134261113092447,7.041222662733978,7.988484712800217,9.244,,,,,,0.17999999999999972,0.16000000000000014,0.03999999999999915,,,,
20190131,8.66,9.42,9.34,8.66,0.0096939,9.62,8.70474816,-9.9792099792,8.930769699740894,8.688872413635252,7.899041619127229,7.4015433502930925,9.04103515625,7.8124200529605154,7.012291731230005,6.650268005824336,7.203722539136596,6.570769998612825,6.3166567806956415,8.312604949738047,7.459129447370476,6.746181812629459,6.283165811666046,9.198692790733121,8.561983098230188,7.68290333079159,6.948567267008343,6.471660786016027,8.662846608748668,8.063226801245905,7.235355563949361,6.5437963582505745,6.094670837316064,9.22,-6.881720430107532,,,62.31024817334341,56.933683967414126,73.06337658520198,,55.64516129032258,,13.648293963254593,,,0.6185717279014419,0.6241818679186057,7.161132095124054,8.091794756984799,9.3,8.146,,,,,-0.6799999999999997,0.08000000000000007,0.0,0.025777874435748516,,,
20190201,9.3,9.5,9.0,9.0,0.00861606,8.66,7.92755712,7.3903002309,9.05384646649393,8.841654310226438,8.085836069910266,7.574130318448266,9.170517578125,7.99836754634045,7.159885813086134,6.76547374470154,7.364974651510703,6.6777986261182045,6.395165812782599,8.492131322512948,7.634450452382811,6.870758309574364,6.357655544711329,9.325461860488748,8.746895262188337,7.863483965954296,7.076881058861595,6.548385211052669,8.782231072499112,8.23736738283756,7.405416938811327,6.664635560287133,6.166925878369988,9.57,-0.17174753112922111,,,66.15075734920714,60.00604176134513,78.44018852493116,,51.75438596491229,,10.97852028639618,,,0.6864785287081439,0.5432544064536153,7.3195667547444945,8.277672486679446,9.315999999999999,8.502999999999998,,,,,0.3000000000000007,0.1999999999999993,0.0,0.03115421852177002,,,
20190211,9.79,10.18,9.19,9.07,0.01051482,9.3,10.07945216,5.2688172043,9.299230977662619,9.078740732669829,8.313057927255564,7.77557301677115,9.4802587890625,8.222321603047895,7.329570599338641,6.896974886236254,7.551515062932958,6.799845738819451,6.484503554551478,8.728107445692412,7.83974088548921,7.013160343253663,6.442404790520926,9.578207906992498,8.989950669063186,8.074933112053886,7.223555153551273,6.635676934236554,9.02025404833274,8.466264222321639,7.604548658924533,6.802765532956053,6.249132646805298,9.43,4.594017094017092,,,72.35571323280475,64.12259891849834,88.82194186141754,,54.54545454545453,82.42811501597444,6.182212581344886,,,0.7507381125687,0.51407667088445,7.502561809948605,8.51033825795953,9.36,8.852,,,,,0.5999999999999996,0.39000000000000057,0.11999999999999922,0.04249231862391506,,,
20190212,9.9,10.48,9.79,9.66,0.01263204,9.79,12.63669376,1.1235955056,9.499487318441746,9.284055549502371,8.524650203621487,7.968702742519228,9.690129394531251,8.432031402666908,7.49540475422002,7.027541195530331,7.732167750399654,6.921420415728493,6.574385039958019,8.941178819202882,8.035956039252143,7.153981789924217,6.527777511742631,9.784471937994999,9.20941418377897,8.277034720429707,7.368601243621943,6.72361083709491,9.214502698888493,8.672943454626795,7.7948773580745785,6.93936233622649,6.331944186390352,9.62,4.717579860376557,,,72.36412628218729,66.86977470639465,83.35282943377257,,59.832635983263614,81.0344827586207,3.448275862068966,72.77486910994764,,0.809386999673583,0.46919109683906335,7.680149824026487,8.724132372119602,9.454,9.149000000000001,,,,,0.11000000000000121,0.5800000000000001,0.129999999999999,0.05077514690674334,,,
20190213,10.89,10.89,9.94,9.85,0.01527909,9.9,15.87008256,10.0,9.962991545627832,9.685541662126779,8.840030176471958,8.234275220472027,10.290064697265626,8.739277477333545,7.714410899109051,7.195474187029012,7.975077923445834,7.077050987660708,6.687953854695965,9.295509942984177,8.307769749799558,7.336226580659622,6.635486708983554,10.261881291996668,9.574375241273703,8.557002842293546,7.556313378079411,6.834551310253061,9.664101799258995,9.01664464469465,8.05853665730557,7.1161397832398325,6.436422107714047,8.66,12.175525339925839,,,81.57608418812487,71.77187786697138,101.18449683043184,0.0,69.90595611285269,82.14285714285715,15.482502651113478,72.85714285714288,,0.8753948542749995,0.5280628368113327,7.917916503728229,9.057342776408895,9.708,9.476,,,,,0.9500000000000011,0.0,0.08999999999999986,0.06032519282042562,,,
20190214,10.58,10.73,10.53,10.29,0.01180867,10.89,12.43974016,-2.8466483012,10.168661030418555,9.909156246595083,9.072026152942364,8.447522927701842,10.435032348632813,8.969367792666851,7.899287615295564,7.342627483245142,8.175456544719232,7.21442153716421,6.7903761216776495,9.529053589714326,8.524172630771028,7.494459430383543,6.732882098885194,10.473720861331111,9.814925197405756,8.779897809694159,7.71929321329505,6.934868561851751,9.863601199505998,9.243181982022897,8.268447451847898,7.269625647472036,6.530895635918638,9.3,4.835513277843832,,,83.0836076949233,75.54245447628868,98.16591413219254,6.753812636165588,87.79527559055117,75.60553633217994,9.979209979209989,52.66955266955268,,0.9356138554324026,0.481752009259224,8.115107873822435,9.29159773388445,10.092,9.696,,,,,0.05000000000000071,0.15000000000000036,0.2400000000000002,0.06448398299055795,,,
20190215,10.51,10.76,10.41,10.34,0.00812483,10.58,8.57257024,-0.6616257089,10.282440686945703,10.059367184946312,9.263755999216716,8.63502084336531,10.472516174316407,9.161946818583495,8.06772067237327,7.4803393317997005,8.355036810510061,7.343659908255809,6.888260960580869,9.707407482493538,8.713299046888073,7.641558970364834,6.826144269283091,10.590913907554075,9.998629706968345,8.974698018294715,7.870805739475779,7.0309285973615845,9.973967466337331,9.416185258018732,8.451900075481431,7.412312201253888,6.621359941204598,9.79,1.7031159280046466,,,83.04228554848399,78.04239816702045,93.04206031141106,9.595959595959613,80.71065989847712,70.92337917485264,21.36258660508083,37.9265091863517,,0.9857984735034091,0.4014769445680506,8.29250729057633,9.479044236363764,10.334,9.825,,,,,0.09999999999999964,0.25,0.07000000000000028,0.06848017709141431,,,
20190218,10.84,11.19,10.79,10.48,0.01087502,10.51,11.75551104,3.1398667935,10.468293791297135,10.254525388709734,9.47392186598782,8.835473493968465,10.656258087158204,9.37170346626056,8.246577403187898,7.626411534764931,8.54618782508621,7.48077128440264,6.992254093197162,9.913333394767442,8.915841994803495,7.797580484005574,6.925251818189681,10.78234260503605,10.210733396610465,9.1833172546476,8.031507898525742,7.133009372735371,10.154244977558221,9.615933392924418,8.64836673495939,7.563653069485407,6.7174942636439905,9.9,2.8072837632776877,,,84.08352633403544,80.05610755602545,92.13836389005542,9.803921568627443,79.00552486187844,67.68558951965065,16.559139784946225,29.355608591885428,,1.0300810971860495,0.35426098946112283,8.481210454237342,9.688422046153953,10.544,9.952,,,,,0.05000000000000071,0.34999999999999964,0.3099999999999987,0.0684469204892558,,,
20190219,10.65,11.29,10.68,10.55,0.01095413,10.84,11.8638336,-1.7527675277,10.528862527531423,10.353394041532301,9.630732283856112,9.000430449062241,10.653129043579103,9.53149053297799,8.40163692556287,7.757871902818629,8.70801953084881,7.605054763445674,7.088510564428814,10.047272777536998,9.080999900060306,7.936722899419936,7.017220909098577,10.844728403357367,10.348690960863108,9.353429897062115,8.174824586402535,7.227737536371534,10.21299665170548,9.745854594210888,8.808569903058496,7.698621212437338,6.80670428182562,10.89,-0.41144567046941005,,,81.27748396920488,80.46323302708527,82.90598585344412,21.993127147766295,69.84126984126983,62.217194570135746,8.784473953013292,15.50976138828633,,1.0629639946038754,0.2630631793426077,8.641861531701242,9.836357115976421,10.693999999999999,10.074000000000002,,,,,-0.02999999999999936,0.6099999999999994,0.09999999999999964,0.06892656043568583,,,
20190220,10.52,10.78,10.71,10.21,0.00677423,10.65,7.103552,-1.220657277,10.525908351687615,10.395045531149226,9.749301312675296,9.138573135511129,10.586564521789551,9.655054216355742,8.538305511010428,7.877964428783037,8.847402643860441,7.719366341349765,7.178812917996477,10.13322318162118,9.218047528625991,8.062736416521403,7.103709281713427,10.841685602238243,10.437219877069815,9.49458895448477,8.304618509017045,7.31682056016483,10.210131101136987,9.829226486172544,8.941506102767212,7.820854324025761,6.890598003262024,10.58,-0.9416195856873789,,,76.31017126331272,79.07887910582775,70.77275557828267,29.27756653992395,32.03883495145628,62.358276643990926,6.262626262626254,9.926854754440953,,1.082481204595974,0.15613767993678973,8.780982899723371,9.94153294428774,10.62,10.164,,,,,-0.19000000000000128,0.06999999999999851,0.3099999999999987,0.07039470743615221,,,
20190221,10.44,10.94,10.44,10.2,0.00889086,10.52,9.39228672,-0.7604562738,10.497272234458409,10.40628414836192,9.841394470985257,9.25688466864648,10.513282260894776,9.753172439311275,8.660995478042015,7.989357279705514,8.969910132794253,7.826057857375265,7.2646336306807795,10.189000784962783,9.334423954471134,8.178700493764262,7.186086830313096,10.812190401492161,10.494670808511666,9.614456673105268,8.424061508577191,7.401669435222489,10.182354067424656,9.8833307614139,9.054391235837,7.933339478951335,6.970504225403703,10.51,-1.4350453172205369,,,71.44401807944573,76.53392543036708,61.264203377603025,32.31939163498099,41.24999999999997,59.53488372093023,-4.132231404958688,10.710498409331917,,1.0888543893425129,0.05098547797231223,8.903873055299417,10.018220183628086,10.591999999999999,10.341999999999999,9.244000000000002,,,,0.0,0.5,0.2400000000000002,0.06870684851726679,,,
20190222,11.48,11.48,10.57,10.39,0.01232127,10.44,13.53119232,9.9616858238,10.824848156305606,10.67471311127144,10.059875208187224,9.458986062405891,10.996641130447388,9.969025884397366,8.842866737523176,8.141124354500926,9.162993968733156,7.969349706105645,7.375564324610233,10.42372791496955,9.538764530235788,8.339739494068445,7.292109377712772,11.149593600994775,10.736439752418637,9.824927466142862,8.589931678890498,7.510872659044155,10.500102711616437,10.111016077520464,9.252601594328715,8.089547309246392,7.073346096381389,10.84,6.434266641943251,,,80.96267871963049,78.01017652678821,86.86768310531502,0.0,77.40112994350282,82.19178082191779,8.50661625708885,19.33471933471935,,1.1007659340183014,0.0952923574063087,9.094697273425387,10.243109386146843,10.786000000000001,10.56,9.5315,,,,0.9100000000000001,0.0,0.17999999999999972,0.07282527795040905,9.244000000000002,,
20190225,12.63,12.63,12.63,12.1,0.00763197,11.48,9.60139968,10.0174216028,11.426565437537072,11.16353483345358,10.40255851376226,9.747260056732628,11.813320565223695,10.301647648847695,9.087197915747486,8.336292860826973,9.429686740369068,8.152120305866209,7.513838947646805,10.824868294065995,9.83316790830857,8.549020494357789,7.423909146164308,11.769362400663184,11.149614342887975,10.128162945557827,8.805491109188523,7.646626420549238,11.08376847441096,10.500122245244015,9.538172871059311,8.292549879527055,7.201191871779379,10.65,13.33452979181621,,,87.30845247975367,81.10960184444338,99.70615375037426,0.0,84.55598455598455,84.04907975460121,20.171265461465282,45.84295612009239,,1.131363102668978,0.24477734920541305,9.35657154946795,10.610323326739636,11.144000000000002,10.844,9.847999999999999,,,,0.0,0.0,0.5300000000000011,0.0656835357263321,9.5315,,
20190226,13.89,13.89,13.89,13.89,0.00177573,12.63,2.46649904,9.9762470309,12.247710291691382,11.845151125090185,10.867550711927292,10.123872778847844,12.851660282611848,10.750191692741733,9.39705611473152,8.577758388617104,9.772787760340679,8.37713519583224,7.681632659550837,11.382164967872178,10.21953286942204,8.809556079998872,7.583565710456547,12.615141600442124,11.723629916908344,10.5261188555047,9.073842762398838,7.811072681770244,11.88027898294064,11.040700018836013,9.912946883339378,8.545269397598906,7.35605873914285,10.52,17.79172320217097,,,91.53896831983579,84.58605733624084,105.44479028702565,0.0,94.2622950819672,86.2190812720848,28.13653136531366,49.35483870967741,,1.1895920630266854,0.46583168286165844,9.692381064322179,11.114888968779693,11.792,11.242999999999999,10.195999999999998,,,,0.0,0.0,0.0,0.057400707443503826,9.847999999999999,,
20190227,15.28,15.28,14.0,13.8,0.01610856,13.89,23.66874112,10.007199424,13.258473527794253,12.70386334381764,11.45587728367032,10.592611617134402,14.065830141305923,11.316417731149016,9.776600881523034,8.869160197807664,10.196419471083704,8.64783577638784,7.881589694825813,12.090862246440873,10.701482119953274,9.125187490730635,7.773601125013174,13.65622773362808,12.4535881138341,11.022526583551873,9.398943115452555,8.00680915876357,12.860719321960426,11.728136379047646,10.380437656354676,8.851431866008715,7.540393091262779,10.44,19.89956057752666,,,94.35931221322386,87.84380896190186,107.39031871586786,0.0,98.3739837398374,88.76080691642649,43.47417840375586,56.077630234933615,85.87528174305034,1.281552954024118,0.7356871279794603,10.106278763261276,11.755675281275124,12.744000000000002,11.682,10.578999999999997,,,,1.2799999999999994,0.0,0.1999999999999993,0.05753652540416708,10.195999999999998,,
20190228,13.86,14.78,14.51,13.75,0.00884716,15.28,12.49146112,-9.2931937173,13.458982351862835,12.99289750786323,11.776426979180943,10.889646924667638,13.962915070652961,11.63436551475539,10.040045985940903,9.086153232685591,10.478233357923418,8.852234373392239,8.038916281804081,12.412523656178895,11.002293346624391,9.356153954597433,7.923882578716554,13.86275182241872,12.784899365864261,11.332362147023124,9.636838573235357,8.161599056078051,13.05521288130695,12.040147946493528,10.672224546225658,9.075469335959509,7.686166101355057,11.48,3.2171581769436894,,,86.9219561736453,87.53652469914967,85.69281912263656,22.866344605475042,77.31629392971246,70.14925373134328,31.749049429657795,39.99999999999999,76.69491525423729,1.3642594347171844,0.6616518455445317,10.384332188204885,12.079417545694335,13.428,12.010000000000002,10.853,,,,-0.6500000000000004,0.2699999999999996,0.10999999999999943,0.06080919266549216,10.578999999999997,,
20190301,14.6,15.15,14.03,13.62,0.01096694,13.86,15.86300544,5.3391053391,13.839321567908556,13.394673130897422,12.152903381956817,11.226951749697852,14.281457535326481,12.005069825410965,10.334236567493104,9.325885700829696,10.795292330390849,9.0776369469847,8.211576379651342,12.810246627782732,11.344932075517306,9.61195132266585,8.088724984180343,14.254501214945813,13.194554026616213,11.685280037782826,9.900309862345827,8.331386733705754,13.424141920871298,12.42593922894925,11.004584113251786,9.323592782985875,7.846063234654933,12.63,3.8998007401081574,,,86.81936185854568,87.29747041894834,85.86314473774036,12.099644128113876,76.1744966442953,75.76923076923077,39.84674329501916,34.06795224977042,76.87456201822003,1.4455266645285223,0.6501378384907031,10.696603877967485,12.467199461741359,14.052000000000001,12.419,11.121999999999998,,,,0.5700000000000003,0.5500000000000007,0.41000000000000014,0.06729245061943037,10.853,,
20190304,15.16,16.06,14.7,14.04,0.01412353,14.6,21.37548928,3.8356164384,14.279547711939037,13.836004848173065,12.553849597695908,11.58450159063441,14.72072876766324,12.399436097234593,10.645576143783872,9.579542844271883,11.131039074206937,9.316160988279417,8.394429632818413,13.237474513640416,11.708271877848992,9.88258784351142,8.263324367287003,14.707934143297209,13.63459874904963,12.059520034184462,10.179065478816762,8.511224098305613,13.851161280580865,12.840350278231202,11.35702372151352,9.586110208206078,8.015424636268394,13.89,4.13518340431377,,-105.24256292206616,86.09345398078246,86.89613160622638,84.48809872989463,14.492753623188385,73.55679702048417,78.04583835946924,32.05574912891986,43.28922495274102,76.66195190947666,1.5272714625617074,0.6539583842654819,11.027225812932855,12.881476467627303,14.558000000000002,12.850999999999999,11.401499999999999,,,,0.46000000000000085,0.8999999999999986,0.6600000000000001,0.0740671733798506,11.121999999999998,,
20190305,15.16,15.36,14.58,14.4,0.00937104,15.16,13.95658496,0.0,14.573031807959358,14.167003636129799,12.901336318003121,11.909546900576737,14.940364383831621,12.744506585080268,10.936829295797814,9.822171416260062,11.440959145421788,9.545331145601793,8.57247095827056,13.587024602069432,12.037007889482421,10.140022582852326,8.433612654514485,15.01022276219814,13.994635340131515,12.398118126166894,10.444223260337896,8.68662103414992,14.135840853720577,13.17941386400735,11.675897652797948,9.835821905366757,8.18060427487905,15.28,2.3494463948150077,,-87.66400439334794,85.60951539560698,86.46725953601991,83.8940271147811,15.358361774744003,65.45012165450122,77.1356783919598,20.031670625494847,44.24357754519506,75.33632286995515,1.6015494331161073,0.5942237644351982,11.333357234197088,13.232018549530794,14.812000000000001,13.302000000000001,11.687999999999999,,,,0.5800000000000001,0.1999999999999993,0.17999999999999972,0.07345127039819638,11.401499999999999,,
20190306,16.68,16.68,15.24,14.96,0.01324156,15.16,20.85823872,10.0263852243,15.27535453863957,14.795252727097349,13.40515814226937,12.34322445506976,15.81018219191581,13.236443261945233,11.307356438004408,10.120337876422669,11.843962288081652,9.82512208106839,8.785826985684494,14.149383765329533,12.47919761429362,10.459045871493677,8.637227156872152,15.733615174798757,14.57386527828942,12.853573542722428,10.772817247638487,8.896343971578316,14.817093902480384,13.724902252369647,12.104821685864811,10.145274495348866,8.378110342165987,13.86,10.522130930294177,,-106.58189096903332,90.40634359707133,87.78028755637038,95.65845567847322,0.0,66.50943396226415,82.45425188374595,20.08639308855291,53.874538745387454,76.52916073968706,1.6878540240408018,0.690436727397556,11.729404846478785,13.762477234218364,15.092000000000002,13.918000000000001,12.041,,,,1.4399999999999995,0.0,0.27999999999999936,0.07834477004714642,11.687999999999999,,
20190307,17.7,18.35,16.71,15.42,0.01383694,16.68,23.99858432,6.1151079137,16.08356969242638,15.521439545323013,13.977803723300122,12.830204050063418,16.755091095957905,13.79438785420208,11.719785054907348,10.449888403534725,12.294426727459985,10.133940822987276,9.020410486061218,14.794950353451435,12.976416889122799,10.81226314605496,8.860999325838272,16.566076783199172,15.238798864054978,13.365709395796483,11.136631040436608,9.12682930561342,15.601062601653588,14.351101842847893,12.587124382449115,10.487895251673311,8.595169346063123,14.6,11.601513240857503,,-115.06228765571925,90.13756239804754,88.56604583692943,93.28059552028375,7.9754601226994115,100.0,85.26522593320236,15.837696335078535,66.19718309859154,77.59674134419552,1.789598981886345,0.8139596627643462,12.171671154147022,14.36824996741554,15.86,14.644,12.493,11.044000000000002,,,0.9899999999999984,0.6500000000000021,1.290000000000001,0.08781031975816664,12.041,,
20190308,15.93,16.8,15.93,15.93,0.00948369,17.7,15.30902144,-10.0,16.03237979495092,15.62357965899226,14.238096560193439,13.112003681875835,16.34254554797895,14.061339372426819,11.991411825558487,10.688154125120173,12.574086209963063,10.361237261301499,9.202241789059608,15.001323016460265,13.25771051873015,11.0619088462474,9.035542552360782,16.513351188799447,15.451362706954074,13.655441834292054,11.393766111634822,9.306608828931607,15.551408401102393,14.551283325966457,12.859979203168246,10.730051580859978,8.764476275789958,15.16,-1.2154285005580923,,-72.23394514658601,76.37077803280688,84.50095656888858,60.110420960643495,29.693251533742345,63.65503080082136,73.12552653748948,14.935064935064938,51.42585551330798,69.86552567237165,1.8633698494547357,0.5901669405471259,12.450065883469465,14.608519203197764,16.125999999999998,15.088999999999999,12.824499999999997,11.384000000000002,,,0.0,0.870000000000001,0.0,0.08377693983598969,12.493,,
20190311,15.31,15.78,15.08,14.39,0.00665496,15.93,10.07411008,-3.8920276208,15.791586529967281,15.545184744244196,14.381017018834314,13.311821528978033,15.826272773989476,14.217421950873467,12.20551428842568,10.889103945767122,12.784541116888981,10.555306388309281,9.362972268294882,15.057446104376583,13.453166659803468,11.26913280496704,9.190467427611134,16.2653341258663,15.509169487507881,13.856761659597574,11.60720678911605,9.466181450439468,15.317838934068263,14.605722721245284,13.049571660009363,10.931058820818029,8.9147534047828,15.16,-5.236444664520911,,-32.372170791379425,62.823647652597124,77.27518693012476,33.92056909754186,37.30061349693251,51.5212981744422,66.72489082969433,4.863013698630143,46.647509578544074,66.9446098868374,1.9016011737074698,0.30585059402187165,12.661912855064319,14.716439325782725,16.156,15.357,13.1005,11.684333333333335,,,0.23000000000000043,0.46999999999999886,0.6899999999999995,0.08865961526948266,12.824499999999997,,
20190312,15.61,16.08,15.58,15.31,0.00600404,15.31,9.45794624,1.9595035924,15.731057686644855,15.561388558183147,14.544881416323072,13.520746844525485,15.718136386994738,14.391494207014283,12.42515852788209,11.09436029595116,13.00188410789752,10.753529667199114,9.527367734918702,15.157910449035386,13.658579358869805,11.480882424236942,9.348974404707155,16.2029894172442,15.612647762506448,14.0683367396359,11.825308896964051,9.62944363684837,15.259125956045509,14.703173135564324,13.24882197810371,11.136455951509832,9.06850517256594,16.68,-3.9148097993352162,,-35.54818314040848,55.90639230398652,70.15225538807869,27.41466613580218,33.619631901840506,54.302103250478005,64.05660377358491,2.968337730870708,35.97560975609755,71.54370737755734,1.916005042590799,0.11523095106663117,12.880289680615112,14.853910198739227,16.246,15.529000000000002,13.386,11.973666666666668,,,0.02999999999999936,0.46999999999999886,0.2699999999999996,0.0935923506954916,13.1005,,
20190313,14.9,15.66,15.61,14.61,0.00540277,15.61,8.12690304,-4.5483664318,15.454038457763238,15.39604141863736,14.59223056081333,13.646133495023168,15.30906819349737,14.455057431137497,12.584825719631633,11.259822891779372,13.147893022674634,10.916136346916794,9.668752794526103,15.111017640119861,13.776809896120298,11.647668647444895,9.486036765084755,15.917659611496136,15.564348169323457,14.190114193003907,11.997098706868243,9.770617868037299,14.99041730403034,14.657687110916266,13.363505599236689,11.298238588021547,9.201455662132211,17.7,-6.230333543108875,,-9.190209337909096,46.291365130071355,62.198625302076245,14.476844786061562,43.341708542713576,29.864253393665148,55.024875621890544,-1.71503957783641,17.97307996832937,67.28395061728396,1.8990246510673052,-0.13584313218794986,13.029897852421401,14.861000937394731,15.89,15.491,13.586500000000001,12.216333333333333,,,-0.7099999999999991,0.05000000000000071,0.2900000000000009,0.09095346668691788,13.386,,
20190314,14.36,15.12,14.5,14.02,0.00395225,14.9,5.75236032,-3.6241610738,15.08935897184216,15.13703106397802,14.56126648603822,13.711030450021063,14.834534096748683,14.44317525224531,12.699353092558626,11.394613200832442,13.241132020930431,11.051189823508293,9.792206668354364,14.974468978279885,13.832351810775506,11.779977493910998,9.60638153631723,15.542039740997424,15.423703047628283,14.247322365098771,12.133376818728328,9.894572982406746,14.636678202686895,14.525234908931488,13.417381256452241,11.426578169093668,9.318190090227713,15.93,-5.662856392064119,,14.074539268428572,33.47830808517459,52.62518622977569,-4.815448204027618,63.84000000000002,7.61421319796952,45.0,-13.90887290167866,3.383729301655859,64.06153846153846,1.8503197073890463,-0.3896395494260725,13.128423937427224,14.783923870103234,15.222,15.540999999999997,13.7755,12.415666666666668,,,-0.14000000000000057,0.6199999999999992,0.33999999999999986,0.09118217638637968,13.586500000000001,,
20190315,14.51,14.95,14.6,14.2,0.00355907,14.36,5.20137664,1.0445682451,14.89623931456144,14.980273297983514,14.554430954566458,13.783664045473694,14.67226704837434,14.451528345714646,12.816169022070973,11.530064800796248,13.338737250089629,11.186829438272675,9.916359124450302,14.89002007313809,13.89688973355879,11.913149323476315,9.727458535420507,15.343126493998284,15.336720675332232,14.313796425565554,12.270543803180605,10.019282291483123,14.449352135124595,14.443319470943946,13.479983041552027,11.555754843772025,9.43563477935789,15.31,-2.8651760610523436,,18.494595234555273,26.091004466328865,43.78045897529341,-9.287904551600235,81.18393234672304,19.39655172413791,54.09836065573771,-18.022598870056495,-5.039267015706804,64.14978514426028,1.782459532154435,-0.5428814018768895,13.230762905025207,14.741781736241197,14.937999999999999,15.532,13.9755,12.592,,,-0.08999999999999986,0.34999999999999964,0.3100000000000005,0.08587157340119231,13.7755,,
20190318,14.81,14.82,14.53,13.88,0.00371786,14.51,5.40292864,2.0675396278,14.867492876374293,14.937704973487635,14.58850682729093,13.876967314066995,14.74113352418717,14.496337302500315,12.944803278711555,11.672670679022499,13.451911307775042,11.328914558340411,10.045139147491083,14.875470968931165,13.983852616077002,12.054459112575032,9.852953386397779,15.313517662665522,15.3217350979991,14.403368194559311,12.416092885952283,10.148541987989713,14.421468090083064,14.429206839863228,13.564337037594692,11.69282533919778,9.557364784805845,15.61,-0.18870467718020417,,24.86740183920315,24.32912602005817,37.296681323548334,-1.6059845869221618,74.84143763213528,37.5,51.40186915887851,-7.03075957313245,6.854256854256863,62.56410256410256,1.706874310356279,-0.6046817743852495,13.347743430578896,14.75227685374255,14.838,15.497,14.174000000000001,12.766666666666667,,,0.28000000000000114,0.009999999999999787,0.6499999999999986,0.07889409793802564,13.9755,,
20190319,15.17,15.69,14.74,14.6,0.00550403,14.81,8.3962272,2.4307900068,14.968328584249528,14.995778730115727,14.666039250318807,13.994515740060905,14.955566762093586,14.580545139687777,13.088364357504357,11.82472847558674,13.58407197640773,11.479545359974122,10.180003906767633,14.92902170185277,14.096819033593476,12.206436716839663,9.984238487968204,15.417378441777014,15.376892352908353,14.519723604601282,12.572629818344854,10.28376564260725,14.519278726722042,14.481151050797187,13.673914462585671,11.840243615334472,9.684711333329158,14.9,2.8474576271186436,,1.8100426727649699,25.83910414760029,33.47748893156565,10.562334579669553,67.23044397463002,39.32038834951458,50.06858710562414,-0.9144350097975217,3.9041095890410977,64.66453674121406,1.6322627591815455,-0.596892409397868,13.482725398684162,14.816541953166773,14.75,15.498,14.4,12.958,,,0.4299999999999997,0.5199999999999996,0.14000000000000057,0.07974687812667043,14.174000000000001,,
20190320,15.51,15.66,14.99,14.88,0.00555187,15.17,8.5151744,2.2412656559,15.14888572283302,15.124334047586794,14.7785673502763,14.132287036419003,15.232783381046794,14.696726997226806,13.24459891508472,11.98495767230036,13.732220285914828,11.637602404681019,10.320266961852695,15.034654119697722,14.231407697060764,12.367586145286507,10.12067704382084,15.603352294518011,15.485693743288653,14.658349927972587,12.738613729645103,10.424297355135467,14.694419151148029,14.58361449610679,13.80446546614894,11.996558560927912,9.817056732506215,14.36,4.289940828402367,,-3.422735036182435,35.833375367806575,34.26278441031263,38.974557282794464,60.04228329809725,68.04733727810648,52.293577981651374,-0.6406149903907729,2.3087071240105517,65.7035175879397,1.5638769911162793,-0.5470861445221296,13.632893887670518,14.923227806525732,14.872,15.380999999999997,14.6495,13.154333333333334,,,0.5199999999999996,0.15000000000000036,0.10999999999999943,0.07446414106680188,14.4,17.6123354432562,11.187664556743801
20190321,15.74,16.5,15.6,15.28,0.00777119,15.51,12.3192256,1.4829142489,15.345923815222013,15.278250535690097,14.906758370239459,14.278442760380914,15.486391690523398,14.827136122573455,13.405592533466352,12.148220382200345,13.886664879305995,11.798480741752352,10.46289151548815,15.162898825207225,14.375083154483548,12.53209413819936,10.259425758788227,15.806301529678674,15.617785789963442,14.806335649118054,12.908056962345341,10.567208531551874,14.885546100765353,14.708011860451009,13.943830659849041,12.156131314053379,9.95164298602458,14.51,3.908106680749938,,-26.098715348208295,47.553039049275625,38.69286928996696,65.27337856789295,58.38926174496646,100.0,42.586750788643535,5.637583892617449,3.8258575197889186,65.48672566371681,1.5030834419216408,-0.48634839355710824,13.788975821917147,15.048885067060233,15.148,15.184999999999999,14.9145,13.390333333333334,12.07925,,0.14000000000000057,0.7599999999999998,0.3200000000000003,0.06566142173644055,14.6495,17.244121166952894,12.054878833047106
20190322,15.11,15.68,15.49,14.68,0.00477084,15.74,7.24917312,-4.0025412961,15.267282543481343,15.236187901767572,14.933857254207531,14.354038873073561,15.298195845261699,14.862494107251774,13.51555430550078,12.2769934090612,13.98076758089784,11.92834424207579,10.585183844027936,15.153280856987731,14.445075235008924,12.657845643653049,10.379193024003333,15.725301019785784,15.607879282697363,14.878427492059192,13.03758101296264,10.690568814723434,14.809264067176903,14.6986824312781,14.011722977958655,12.278110274343458,10.067817233283233,14.81,-1.0348441184176136,,16.08445113932536,47.35088099468246,41.57887319153879,58.894896600969815,72.4832214765101,66.12903225806448,28.235294117647058,5.222841225626741,-9.412470023980818,63.714637146371466,1.4367583334768088,-0.5306008675586553,13.886829464738101,15.058287364435582,15.268,15.103000000000003,15.096,13.584,12.313749999999999,,-0.3800000000000008,0.1899999999999995,0.4299999999999997,0.0668181618257542,14.9145,16.975755927826526,12.853244072173473
20190325,14.22,14.94,14.62,14.13,0.0038398,15.11,5.57670464,-5.8901389808,14.918188362320896,14.982140926325679,14.83867628697986,14.341853520975963,14.75909792263085,14.782182343845301,13.56100241482331,12.361471956493322,13.999170074674929,12.018213095327722,10.680836900764044,14.983593428444506,14.423639498341407,12.73404829518217,10.4740277641514,15.365734013190522,15.433101231297842,14.85634868329165,13.116069744037635,10.788248597075942,14.47064271145127,14.53408562559117,13.990930313391164,12.352026846326705,10.159806931226857,15.17,-6.138613861386136,,86.74520406849493,35.89295374200205,39.683566708359876,28.311727809286396,92.3937360178971,37.95918367346939,33.13609467455622,-1.998621640248099,-19.661016949152536,60.86956521739132,1.3529689295720373,-0.670315231238173,13.911508763646388,14.929320077599339,15.15,14.994,15.175500000000003,13.731666666666667,12.51175,,-0.3999999999999986,0.3200000000000003,0.08999999999999986,0.06343533104583869,15.096,16.87384673130166,13.318153268698339
20190326,14.06,14.43,14.31,13.67,0.00296029,14.22,4.16327008,-1.1251758087,14.632125574880597,14.75160569474426,14.734852782049213,14.316230473614512,14.409548961315426,14.691909550864638,13.593195807415354,12.435321001863176,14.003849299699935,12.098283170020752,10.769762245480779,14.815667350545505,14.389007165166035,12.798728866148894,10.56257028849334,15.071089342127015,15.260137371061871,14.820677380121017,13.182690732133361,10.879447397148141,14.193161807634178,14.371197330029139,13.957336950211053,12.414767000164426,10.24569317983854,15.51,-5.814576634512328,,195.1773049645385,28.522275403973104,35.96313627356429,13.64055366479073,91.66666666666666,25.333333333333346,36.44251626898048,-5.064145847400405,-11.738857501569361,60.58479532163743,1.2569892262000384,-0.7678376269759917,13.922508114487398,14.79557852719944,14.928,14.839000000000002,15.184000000000003,13.870333333333333,12.690000000000001,,-0.25,0.11999999999999922,0.39000000000000057,0.06390800102523514,15.175500000000003,16.93015552174779,13.420844478252217
20190327,14.34,14.46,14.29,13.93,0.00287952,14.06,4.10557632,1.9914651494,14.534750383253732,14.648704271058197,14.682205744442651,14.318391339649558,14.374774480657713,14.647920857006559,13.641376723065978,12.51813313221695,14.029707045876863,12.186193633941507,10.863715870599705,14.729182377719049,14.384339816102603,12.873912823897726,10.655840157913257,14.970792894751344,15.171057849050621,14.815870010585682,13.260130208614658,10.975515362650656,14.098707871756119,14.287306906387476,13.952809621619524,12.487695439180793,10.336164953175858,15.74,-2.4091465904450744,,755.5097837281105,26.90648748957453,32.9442533455677,14.830955777588187,78.59424920127796,23.287671232876708,36.16557734204793,-5.471324983520106,-6.335728282168521,58.7515299877601,1.1600025976949764,-0.7758930280404956,13.953433439340184,14.725489523014913,14.693999999999999,14.782999999999998,15.137,13.985333333333335,12.857999999999999,,0.05000000000000071,0.120000000000001,0.35999999999999943,0.06055697652905888,15.184000000000003,16.975815838751295,13.39218416124871
20190328,13.91,14.43,14.02,13.81,0.00258177,14.34,3.6290128,-2.9986052999,14.326500255502488,14.464028203293648,14.579244978516963,14.281264854226873,14.142387240328857,14.55568074988074,13.658707257061721,12.578649082990125,14.020498811578644,12.253793883590859,10.94388124242603,14.580240127224675,14.339164595521403,12.924453661756374,10.736189783643795,14.756295263167562,15.017647331041415,14.769339533387045,13.312187271609066,11.058275477153108,13.896705247837414,14.142832923407935,13.908989657655761,12.536720051903682,10.414104090134481,15.11,-2.917364600781681,,-312.4029437580192,20.764513450057933,28.88434004706445,4.524860256044903,91.51943462897526,11.715481171548097,38.51508120649652,-10.315925209542229,-10.890454836643174,54.09731113956467,1.0579647679279864,-0.81630263813592,13.950216147537207,14.600029596397233,14.328,14.738,15.139500000000002,14.096333333333336,12.996249999999998,,-0.10999999999999943,0.41000000000000014,0.09999999999999964,0.05735403441611233,15.137,16.92180783279321,13.35219216720679
20190329,15.15,15.25,14.0,14.0,0.00620108,13.91,9.10422528,8.9144500359,14.601000170334991,14.635521152470234,14.655345648048035,14.360240776569885,14.646193620164428,14.629970656145648,13.754919692089997,12.690446948947075,14.107383518380287,12.367370594038276,11.05456857815166,14.683832831365645,14.416387014995555,13.033016897768256,10.845172751948885,15.039030175445042,15.124347816306615,14.848878625445423,13.424007404701305,11.170527934507351,14.162970165224941,14.243317846424675,13.983895404545688,12.642026390835207,10.519817569390419,14.22,5.67801339285713,,-2.9998404340209497,31.27528222936725,29.681320774498715,34.46320513910432,47.70318021201412,50.666666666666686,57.88423153692616,-3.7484116899618796,1.6778523489932886,54.03846153846153,0.9754820947870533,-0.6598613851274653,14.039089025497415,14.684640427720735,14.336000000000002,14.802000000000001,15.166999999999998,14.251000000000001,13.144499999999999,,1.1500000000000004,0.09999999999999964,0.0,0.06043601042901342,15.139500000000002,16.907075740951434,13.371924259048571
20190401,15.26,15.79,15.01,14.7,0.00690838,15.15,10.48988032,0.7260726073,14.820666780223327,14.791640864352676,14.735966228308298,14.442037069608984,14.953096810082215,14.708724324127443,13.85202164743903,12.802166646818943,14.196046324658726,12.480807041330893,11.165237826095037,14.788590498390073,14.496731108805502,13.14165021982834,10.954180832147678,15.265286783630026,15.232248213341776,14.931633042069667,13.53589972642319,11.282806257112108,14.376046776816628,14.34493278343837,14.061829175541337,12.74740071323349,10.625555407183247,14.06,4.922992299229918,,102.40856378233597,39.57810334725778,32.98024829875174,52.77381344426986,43.81625441696114,73.42342342342342,57.54527162977867,0.9927200529450718,6.267409470752091,49.93016759776536,0.9091117577364229,-0.5309626964050422,14.129526875460568,14.77315728499447,14.544,14.847,15.172,14.398333333333333,13.286750000000001,,0.25,0.5299999999999994,0.3100000000000005,0.06123180477646205,15.166999999999998,16.935033936325883,13.398966063674115
20190402,14.91,15.4,15.1,14.8,0.00515009,15.26,7.77836864,-2.2935779817,14.850444520148883,14.821230648264507,14.759170731200525,14.484579154189985,14.931548405041108,14.733883783611512,13.920278315346188,12.89381157521812,14.250965838146517,12.57606951029831,11.263784199092537,14.81066495322824,14.536090050824024,13.227911184714765,11.051855379502056,15.29595785575335,15.254984901825088,14.972172752348746,13.624748520256208,11.383411040887118,14.404931184544417,14.366345004631393,14.100007349299302,12.831073849173322,10.720299718116994,14.34,1.3320647002854529,,55.227430746147775,40.99082037049223,35.6504389893319,51.671583132812884,56.183745583038856,67.63485477178423,50.99601593625498,4.8523206751054815,2.756719503790492,53.9622641509434,0.8486634683650204,-0.48358631497122073,14.187339699500525,14.794210010379935,14.713999999999999,14.820999999999998,15.1595,14.540333333333333,13.423750000000002,,-0.1899999999999995,0.3000000000000007,0.10999999999999943,0.05807071563117504,15.172,16.94372768787983,13.400272312120173
20190403,15.23,15.36,14.71,14.59,0.00522455,14.91,7.86906816,2.1462105969,14.97696301343259,14.923422986198382,14.821947967040455,14.552344685627258,15.080774202520555,14.795898310660073,14.004776488549659,12.995384984991246,14.326276158289092,12.68014521577681,11.368158299116418,14.886907689004925,14.602176712650305,13.32557405375307,11.15501944420571,15.426271903835568,15.333514919675073,15.040242014029815,13.725341275365661,11.489670027531881,14.527654123029611,14.440300458334777,14.164111411270795,12.925806832140477,10.820368860879539,13.91,2.26967499328498,,61.825589800879875,51.855515467120625,41.05213114859481,73.46228410417226,44.87632508833921,68.16326530612247,50.60240963855422,8.321479374110952,2.835921674544226,52.455183164458305,0.7982669403587803,-0.40317222404992004,14.264573795833817,14.861254624167637,14.892000000000001,14.792999999999997,15.087,14.697333333333335,13.563999999999998,,0.5199999999999996,0.129999999999999,0.120000000000001,0.05809751299106358,15.1595,16.78940919992495,13.529590800075047
20190404,14.98,15.3,15.23,14.91,0.00359271,15.23,5.40869824,-1.6414970453,14.977975342288394,14.937567239648786,14.843021571435061,14.591222441479324,15.030387101260278,14.818911021827564,14.06769413444968,13.081672594339453,14.376562607651469,12.770335599471837,11.463206764929145,14.903833563731302,14.638159882874085,13.406277758448041,11.24946340854631,15.427314602557047,15.350948570643242,15.077304679360308,13.808466091201483,11.5869473108027,14.52863608201974,14.456718556819363,14.199015086387861,13.0040894256946,10.91197950628992,15.15,-0.8341056533827582,18.82476123996574,67.87736770161888,55.16782792147666,45.75736340622209,73.98875695198579,53.710247349823305,73.568281938326,44.580777096114524,4.463040446304048,-1.252471984179298,49.281150159744406,0.7510045150971658,-0.37809940209291604,14.317568329475755,14.879523143526463,15.106,14.716999999999999,14.951000000000002,14.848666666666668,13.722,,-0.25,0.07000000000000028,0.07000000000000028,0.0529500313001008,15.087,16.191244538134555,13.982755461865443
20190408,14.5,15.19,15.1,14.29,0.00296622,14.98,4.36373952,-3.2042723632,14.818650228192263,14.82817542973659,14.797285361910387,14.58292949225393,14.765193550630139,14.779047144099119,14.095584835452927,13.143339003281216,14.38605779167828,12.838165575963137,11.543122376378378,14.830409279416521,14.625001798790839,13.459630062913991,11.329723571298253,15.263209735038032,15.275321557799018,15.063751852754564,13.863418964801411,11.6696152784372,14.374090721346494,14.385497001034025,14.186251744827114,13.05584116102657,10.989831864159305,15.26,-3.1784188034188205,13.439001110919877,-81.15942028985488,49.82886641305991,47.11453107516803,55.25753708884366,70.6713780918728,28.476821192052963,37.93774319066147,4.24155283968368,-6.511927788523532,47.46153846153846,0.6988142482872707,-0.41752213447916087,14.331081786551625,14.821134967599315,14.976000000000003,14.656,14.879500000000002,14.949333333333335,13.852,,-0.5999999999999996,0.08999999999999986,0.21000000000000085,0.05253879416552447,14.951000000000002,15.974669380220003,13.927330619780001
20190409,14.9,15.25,14.81,14.58,0.0034677,14.5,5.1796496,2.7586206897,14.845766818794843,14.846131572302442,14.810980646989004,14.61175408386721,14.83259677531507,14.794166251086729,14.147482588004353,13.219715568355946,14.425591807703027,12.919021827886151,11.631461261210525,14.843062137704429,14.651192103667903,13.529892011064526,11.417878544846443,15.291139823358689,15.288354001835563,15.09072786677794,13.935788771396462,11.760414901191837,14.400393814230997,14.397770273573295,14.211656340557866,13.12399525073259,11.07534218850105,14.91,-0.026838432635543044,15.020611075944498,24.392614188531418,51.56941262554164,48.599491591959236,57.509254692706435,56.53710247349822,40.00000000000002,47.86150712830958,-1.65016501650165,-5.33672172808132,42.50841750841751,0.6510602332439013,-0.3820321203469552,14.37322387643669,14.833268049507113,14.904000000000002,14.724,14.859,15.025,13.979750000000001,,0.08999999999999986,0.34999999999999964,0.23000000000000043,0.051339235929180924,14.879500000000002,15.884107385997138,13.874892614002865
20190410,14.53,14.99,14.9,14.2,0.00292994,14.9,4.25419136,-2.4832214765,14.740511212529896,14.767098679226832,14.773516560723804,14.604321894424736,14.681298387657534,14.761145469700889,14.172161130713748,13.276684456688296,14.433623207110486,12.982197442478851,11.707738596441827,14.786141749030897,14.639649998556674,13.578677766622352,11.494721049911963,15.182726548905793,15.229726001501824,15.078839498513375,13.986038099621023,11.839562681409323,14.298295876153999,14.34255749655997,14.200460498599973,13.171317433623681,11.149879418414603,15.23,-2.009711356892366,10.863560757504082,-80.21439792995017,46.50082053823987,47.89993457405278,43.70259246661405,69.61130742049471,39.560439560439555,53.53075170842823,-4.783748361730016,-3.8385175380542695,35.8860195903829,0.601203087371012,-0.3988571669831138,14.384836922626564,14.786611426506019,14.828,14.771,14.804999999999996,15.046333333333333,14.095499999999998,,-0.370000000000001,0.08999999999999986,0.33000000000000007,0.05137085736479411,14.859,15.81106092242041,13.90693907757959
20190411,14.16,14.49,14.4,14.07,0.00189042,14.53,2.694752,-2.5464556091,14.54700747501993,14.615324009420124,14.691714352627296,14.56392899493158,14.420649193828767,14.686002285988277,14.171376541635441,13.315089480310544,14.412575268101987,13.028385778067918,11.772271791272304,14.672297794661642,14.59396904631318,13.607034948738335,11.56053040670426,14.983417699270529,15.112466728501492,15.031788117702575,14.015245997200486,11.907346318905388,14.110597250769331,14.232128860821792,14.156149974923785,13.198823900276183,11.213714494503131,14.98,-3.1066100999042057,6.972879051144535,-118.25674040590711,33.980062854171095,43.25997733409222,15.420233894328845,76.88679245283016,21.39037433155081,51.086956521739125,-5.030181086519114,-0.4219409282700457,40.9969481180061,0.5453679364601455,-0.44668120728693217,14.368182335765336,14.690209668582016,14.614,14.753,14.768,15.008999999999999,14.177249999999997,,-0.2400000000000002,0.08999999999999986,0.08999999999999986,0.05064100369011382,14.804999999999996,15.796132685365583,13.81386731463441
20190412,14.23,14.56,14.15,14.1,0.00174555,14.16,2.50600432,0.4943502825,14.441338316679953,14.518993007065095,14.630152438943657,14.533571813574163,14.325324596914385,14.629002000239742,14.175158700239605,13.354868198557913,14.398531016709525,13.075507904418197,11.836948849396718,14.59188001381407,14.559305327616684,13.637423487824272,11.626443236168353,14.874578466180353,15.029636414228492,14.996084487445184,14.046546192459001,11.975236533253403,14.008098167179554,14.154123613399648,14.122526167788184,13.228300783189542,11.277649939083302,14.5,-1.6178097345132862,6.559832259997014,-84.28260192966039,25.754150429912517,37.424701699365656,2.4130478910062436,73.58490566037732,27.810650887573978,48.74715261958998,-6.5659881812212735,1.2091038406827876,44.18103448275862,0.48858666395166345,-0.45425018006785634,14.357946607190126,14.619408181107861,14.464000000000002,14.785,14.761500000000002,15.021333333333335,14.2685,,0.08000000000000007,0.33000000000000007,0.05000000000000071,0.04941638584009617,14.768,15.771379788514798,13.764620211485203
20190415,14.05,14.65,14.55,14.02,0.00163232,14.23,2.3380312,-1.2649332396,14.310892211119969,14.401744755298822,14.552798780417836,14.489610739612875,14.187662298457193,14.556626750209775,14.167083945385437,13.385091320359743,14.3717209385011,13.113723280715522,11.895187037570489,14.493356374938783,14.510800058319857,13.657549171345039,11.686284143917282,14.740218977453567,14.928157066186946,14.946124060069453,14.06727564648539,12.036872668234802,13.88156544478637,14.058555683690619,14.075476056570261,13.247822696204688,11.335695619599763,14.9,-2.2540698483372745,4.45630678185362,-112.99524147540498,17.894071301101125,30.914491566610813,-8.146769229918249,82.07547169811316,33.812949640287805,51.69082125603865,-6.2082777036048045,-2.0223152022315145,41.48471615720525,0.4302035661768537,-0.4670647821984776,14.335135747398267,14.531806922475882,14.374,14.675,14.738500000000002,15.003000000000002,14.357,,-0.5,0.09999999999999964,0.030000000000001137,0.045649546522712484,14.761500000000002,15.80708643832062,13.715913561679383
20190416,14.28,14.28,13.85,13.8,0.0016957,14.05,2.39098368,1.6370106762,14.300594807413312,14.371308566474116,14.516425609695458,14.470555217829885,14.233831149228596,14.522048406433553,14.174368852134764,13.42400039338758,14.364665481693324,13.159459622648246,11.957945273423896,14.454564306768095,14.488819100384633,13.687912626401376,11.750326510734139,14.729612651635712,14.888201235971138,14.923483673396174,14.098550005193417,12.102836306056163,13.871576963190911,14.020927377565052,14.054154527373093,13.277275247609335,11.397816715412114,14.53,0.2105263157894692,5.4279132951391,-193.68406907209413,22.185791123810986,28.004924752344202,10.547523866744555,75.87939698492467,24.590163934426165,36.10223642172522,-1.5172413793103492,2.659956865564337,46.42857142857142,0.3765660085374376,-0.4291004611153286,14.331051617961359,14.493067395941132,14.25,14.577000000000002,14.711999999999998,14.973666666666666,14.443000000000001,,0.4299999999999997,0.0,0.049999999999998934,0.04186803391767045,14.738500000000002,15.802202966057726,13.674797033942278
20190417,14.28,14.5,14.5,14.11,0.00177468,14.28,2.5460952,0.0,14.293729871608875,14.348481424855589,14.484902195069397,14.453232016208988,14.256915574614297,14.491792355629359,14.181183764900263,13.461217767588119,14.3581527523323,13.203402382544393,12.019051976754845,14.42282534190117,14.468931567014668,13.716794937308626,11.812787584543173,14.722541767757141,14.855510102158206,14.902999514025108,14.128298785427885,12.167171212079468,13.864917975460608,13.990140581644134,14.034863620004227,13.305291089189366,11.458403957006878,14.16,0.5633802816901414,4.6782682637188735,-153.38840258085577,25.457194082540628,27.155681195743007,22.060219856135873,75.87939698492467,35.29411764705878,33.774834437086085,-4.161073825503362,-5.7425742574257495,49.50859950859951,0.327856362816887,-0.3896771657644049,14.327270016630889,14.460287796565574,14.2,14.514,14.667499999999999,14.944333333333333,14.533749999999998,,-0.22000000000000064,0.0,0.16999999999999993,0.04057498148542995,14.711999999999998,15.769787785900364,13.654212214099632
20190418,13.88,14.31,14.19,13.86,0.00219123,14.28,3.07530848,-2.8011204482,14.155819914405917,14.231361068641691,14.404248569060144,14.401120014735444,14.06845778730715,14.415318311175689,14.161752554261536,13.479425690736461,14.32137177138366,13.229935622444614,12.068024293156034,14.324129825191864,14.412842846346605,13.724756159878934,11.863829866406304,14.580494511838095,14.753853719947621,14.845228131737004,14.136498844675303,12.219744762398493,13.73114531697374,13.894405930436108,13.980457560956205,13.313013475082565,11.507914970414115,14.23,-1.8665158371040678,1.114591680629433,-319.2881587953405,18.810543181463867,24.373968524316627,7.6836924957583435,95.97989949748744,34.09090909090908,33.22475570032574,-4.473503097040596,-9.043250327653992,46.24553039332539,0.2776598595839574,-0.4015720258634369,14.29413890428786,14.3710127509401,14.144,14.379,14.585999999999999,14.850999999999999,14.617750000000001,,-0.3099999999999987,0.120000000000001,0.02000000000000135,0.03876124551384348,14.667499999999999,15.704040399598586,13.630959600401411
20190419,13.97,14.15,13.98,13.85,0.00130688,13.88,1.82444144,0.6484149856,14.093879942937278,14.166020801481269,14.346348759852125,14.36192728612313,14.019228893653576,14.359653522278727,14.149381421728535,13.500755008530529,14.294343173584917,13.258957754897768,12.118076285441402,14.25974258424789,14.370667337170739,13.736719274031183,11.915834067235778,14.516696341225396,14.687534861775328,14.80178735728586,14.148820852252118,12.273309089252852,13.67106354464916,13.831950306720453,13.939547317055617,13.324617695810247,11.558359045218705,14.05,-0.8657394266250472,0.9889251944597253,-229.60038783849026,16.448408097987407,21.732115048873553,5.880994196215113,91.4572864321608,35.555555555555515,27.816901408450693,-1.3418079096045163,-6.304493628437287,44.86552567237164,0.22996586096383545,-0.3815519889609756,14.270128615081353,14.3093184815647,14.092000000000002,14.278,14.497500000000002,14.726666666666667,14.706,12.885333333333334,-0.009999999999999787,0.16999999999999993,0.120000000000001,0.038305233059155626,14.585999999999999,15.509382369335693,13.662617630664304
20190422,13.82,14.16,14.1,13.77,0.00151551,13.97,2.10850976,-1.0737294202,14.002586628624853,14.079515601110952,14.276168925205177,14.312661169202846,13.919614446826788,14.292196831993884,14.128131007423468,13.51463522555094,14.257855237155306,13.280959411568443,12.162863751613997,14.179789387111912,14.318222828868763,13.740781748468684,11.962850510020079,14.4226642274836,14.60518306872527,14.747769513734825,14.153005200922745,12.321736025320682,13.582509029766106,13.754395705498554,13.8886761440027,13.328558296014624,11.603964994719476,14.28,-1.608999003274935,-0.7440604441379985,-153.15549146839618,12.331725617237524,18.598651904994878,-0.20212695827718363,96.93251533742327,36.78160919540224,28.832116788321155,-2.881236823612088,-9.258043335521997,41.53074027603513,0.1834232808641031,-0.3723406407978589,14.236785754704956,14.23403871517013,14.045999999999998,14.209999999999999,14.433000000000002,14.656333333333333,14.764499999999998,13.020166666666666,-0.27999999999999936,0.0600000000000005,0.05000000000000071,0.03492033361307548,14.497500000000002,15.420952218579826,13.574047781420179
20190423,14.09,14.49,13.79,13.5,0.00274029,13.82,3.82908608,1.9536903039,14.031724419083234,14.082136700833214,14.251346401844488,14.29241924472986,14.004807223413394,14.266922227994648,14.125670942428407,13.539651085309595,14.244943295835668,13.312686493467718,12.213577863413628,14.163464044000655,14.296487321357452,13.757816785128748,12.015372719649212,14.452676151655732,14.588367965320675,14.725381940998176,14.17055128868261,12.375833901238689,13.610772686510737,13.738560122680635,13.867592701716728,13.345082281574886,11.654911538059736,14.28,0.5853797829811461,0.5738921882138028,-85.68361787876881,25.32259968685399,20.839967832281246,34.28786339599948,68.27956989247312,39.56043956043957,41.89723320158102,0.2846975088967911,-5.941255006675571,41.0126582278481,0.14393186009095063,-0.3159313661852197,14.225912735837923,14.211878912836264,14.008000000000001,14.129,14.426499999999999,14.615666666666666,14.800999999999998,13.150000000000002,0.3000000000000007,0.40000000000000036,0.28999999999999915,0.03744994907646758,14.433000000000002,15.364155733483933,13.50184426651607
20190424,13.91,14.13,14.03,13.81,0.00136827,14.09,1.90665664,-1.2775017743,13.991149612722156,14.039102525624909,14.205833548265222,14.257653858845327,13.957403611706697,14.222306949495316,14.111756688078186,13.555753212035267,14.219178426925232,13.336110552547416,12.258220551218534,14.117379672364171,14.259679005037693,13.765240356585883,12.0621536401517,14.410884101103822,14.540901062535097,14.687469375188824,14.17819756728346,12.424018249356251,13.57141512434049,13.693858282193245,13.831888634886562,13.352283145888306,11.70028903094715,13.88,-0.17224056265251117,-1.2761004414540904,-73.812411029682,28.76579109558382,23.48190892004877,39.33355544665391,77.22222222222223,33.02752293577982,28.571428571428537,-2.591036414565821,-4.068965517241378,38.343949044585976,0.10773033021808509,-0.2896122389829243,14.202511792442522,14.165436003169145,13.934000000000001,14.067000000000002,14.419,14.559000000000001,14.801499999999999,13.266333333333336,-0.11999999999999922,0.10000000000000142,0.09999999999999964,0.034313425470531664,14.426499999999999,15.371653955713034,13.481346044286964
20190425,13.0,14.07,13.91,13.0,0.00236453,13.91,3.23682976,-6.5420560748,13.660766408481436,13.77932689421868,14.04505574182986,14.14332168985939,13.478701805853348,14.069518580808401,14.040030450137657,13.531590028903299,14.125395471007907,13.322929746565164,12.277741063028571,13.914219731934322,14.139709575986485,13.727911558703646,12.08531034039487,14.07058940073588,14.331646323892352,14.56390086326608,14.139748905464755,12.447869650606716,13.250943416226992,13.496793139976292,13.71551828870689,13.316074211942537,11.722751030183023,13.97,-5.509521732809995,-8.010189640532111,-139.30348258706414,19.177194063722546,22.04700396794003,13.43757425528758,100.0,22.49999999999997,23.15789473684208,-8.963585434173666,-12.751677852348994,37.02337023370234,0.060724526509178124,-0.37604642967125573,14.113436844854187,13.986138156527737,13.758,13.950999999999999,14.352,14.495666666666668,14.744499999999999,13.356,-0.9100000000000001,0.16000000000000014,0.0,0.03957809300638565,14.419,15.54896637118102,13.28903362881898
20190426,12.17,12.96,12.93,12.16,0.00259446,13.0,3.26906048,-6.3846153846,13.163844272320958,13.37699517066401,13.795048309585878,13.963928808963079,12.824350902926675,13.83207875820735,13.919383324322324,13.472390462429244,13.97498043477653,13.277716815327313,12.27490577189624,13.597088871582628,13.952118187797296,13.651915872913225,12.087401443101168,13.558759600490587,14.005001537730108,14.370681733431216,14.061473349100622,12.450023486394203,12.768928944151329,13.189176205435148,13.533554642163377,13.242358396725828,11.724779399808133,13.82,-9.165547096581578,-14.07673082082491,-214.64072917738787,12.927246184931835,19.0070847069373,0.7675691409209122,99.67637540453075,11.53846153846152,19.939577039274894,-12.319884726224789,-16.242257398485886,37.298636926889706,-0.003969633544151846,-0.5175532804266397,13.969478560050172,13.7067322862927,13.398,13.745,14.265,14.422666666666668,14.702249999999998,13.419166666666666,-0.7599999999999998,0.030000000000001137,0.009999999999999787,0.04291902733391131,14.352,15.821591780053224,12.882408219946777
20190429,11.13,12.25,12.15,10.95,0.0028414,12.17,3.2433312,-8.5456039441,12.485896181547306,12.815246377998008,13.439708534974427,13.706298917239161,11.977175451463339,13.494318913431432,13.739423109849914,13.370547398845362,13.756135785947567,13.193492626490947,12.244776672635812,13.148527258567604,13.683345027054697,13.528895586429654,12.0637619012962,12.860473066993725,13.542983076324633,14.093845377866339,13.934762454022543,12.425674758335086,12.111319296100886,12.754071440810575,13.272844676243055,13.123028718836764,11.701849044257314,14.09,-13.452566096423007,-21.488127989164933,-233.47022063512313,10.308304968358327,16.107491460744306,-1.2900680164136347,95.5445544554455,8.359133126934974,13.785046728971931,-20.329277022190407,-21.398305084745758,33.63128491620111,-0.09294268289650341,-0.7117843948188125,13.75914681486127,13.31031193455536,12.86,13.453,14.064000000000002,14.31,14.6155,13.450999999999997,-1.0199999999999996,0.09999999999999964,0.1800000000000015,0.05011518532440221,14.265,16.21617810565822,12.313821894341782
20190430,11.21,11.33,11.18,10.99,13.639,11.13,15276.3344,0.7187780773,12.060597454364872,12.413934783498506,13.142414063644503,13.479362652035602,11.59358772573167,13.208779049252502,13.576234522117662,13.276610555417303,13.560279187028526,13.115708601922673,12.21754570756645,12.796067757009858,13.447788357811394,13.415778728555036,12.042681360523453,12.422415377995819,13.179949789720155,13.851222008545736,13.818252090411688,12.403961801339157,11.698779530733926,12.412185724299562,13.044354707077051,13.013305366698384,11.681400919707748,13.91,-8.743080429827415,-20.965058236272885,-191.92384589308824,9.320414235026092,13.8451323855049,0.27097793406847615,92.97297297297294,2.631578947368424,16.02870813397126,-18.885672937771343,-21.222768798313417,32.114285714285714,-0.19098096698214295,-0.7843062726851162,13.570321124871546,12.987187021546845,12.284,13.146,13.861499999999998,14.190000000000001,14.516750000000002,13.478333333333333,0.030000000000001137,0.11999999999999922,0.1899999999999995,0.049786847031011716,14.064000000000002,16.296946707828024,11.83105329217198
20190506,10.09,10.82,10.45,10.09,19.5075,11.21,20193.4864,-9.9910793934,11.403731636243249,11.83295108762388,12.735425521825238,13.17123877457782,10.841793862865835,12.81893166809594,13.351316165852007,13.138062270399159,13.293334634180177,12.997053362631586,12.16155766263049,12.304055437553522,13.127998990400783,13.253545619845033,11.994467005942626,11.745843585330547,12.673177100680128,13.521838960112808,13.651151988440384,12.354301016120905,11.06161968715595,11.934933774426916,12.73415902068876,12.855939251249682,11.634632995764347,13.0,-12.413194444444455,-28.805283508791735,-195.51733747362573,6.213609490017395,11.301291420342398,-3.9617543706326117,100.0,2.010050251256283,8.678500986193287,-28.388928317955997,-28.18505338078292,29.766949152542367,-0.3069954973371896,-0.9281162428403732,13.312519560066246,12.54146594130887,11.520000000000001,12.727,13.620499999999998,14.020666666666667,14.39,13.489333333333333,-0.35999999999999943,0.370000000000001,0.0,0.05429064061980502,13.861499999999998,16.577876078528153,11.145123921471843
20190507,10.79,10.83,10.22,10.02,34.7204,10.09,36323.0208,6.9375619425,11.199154424162165,11.572213315717908,12.476035452248539,12.95476252234347,10.815896931432917,12.565315209583947,13.18606996160349,13.03597260646876,13.10077043155093,12.910502250371524,12.125464039929687,12.028772630725609,12.905332419886422,13.133372662779424,11.964727079869968,11.53512905688703,12.389635809647377,13.292492392483014,13.527373842662806,12.323668892266067,10.8631797914373,11.66790945180384,12.51817244728983,12.739371482896042,11.60578526747387,12.17,-2.5997472467954688,-23.895103612690267,-141.79577569096796,9.884389921010847,10.828990920565214,7.995187921902112,83.36933045356373,20.68965517241378,19.757365684575376,-22.429906542056084,-24.439775910364148,25.505617977528072,-0.4163277212046781,-0.8746577909399083,13.125666259320598,12.272009642645965,11.078000000000001,12.418000000000001,13.398500000000002,13.863333333333333,14.242750000000001,13.508833333333333,0.5699999999999985,0.040000000000000924,0.20000000000000107,0.05855551657229598,13.620499999999998,16.495532347644108,10.745467652355888
20190508,10.65,10.88,10.4,10.33,24.7687,10.79,26403.608,-1.297497683,11.016102949441445,11.34165998678843,12.2325640586154,12.745238656675882,10.732948465716458,12.325900808385954,13.022452544725846,12.932234667057074,12.912249629123938,12.821855103298128,12.086636038878904,11.778086697866406,12.690538856087715,13.012232532887744,11.932264682836141,11.346586037924688,12.131429298802399,13.071255021770346,13.402599508874376,12.290232623321225,10.685619860958202,11.424744096930414,12.309822690405083,12.621865556901112,11.574296742351057,11.13,-1.1509188787822586,-24.904808912706237,-110.52795667316937,11.28757985785511,10.981853899661846,11.899031774241642,85.93749999999999,25.324675324675315,20.68965517241378,-18.076923076923073,-25.420168067226882,24.18812989921612,-0.5170249521280403,-0.8055778473868984,12.942283573445,12.02246969762351,10.774000000000001,12.086000000000002,13.181999999999999,13.693666666666665,14.0665,13.542,0.25,0.23000000000000043,0.07000000000000028,0.06157237698075004,13.398500000000002,16.41328755470431,10.383712445295691
20190509,11.05,11.61,10.45,10.44,33.3619,10.65,36874.832,3.7558685446,11.027401966294297,11.268744990091324,12.074888850800013,12.59112605152353,10.89147423285823,12.16641320733771,12.895197541840309,12.850398377185028,12.768999657652868,12.752370589443299,12.059356143118933,11.645707298254331,12.534297060269838,12.916513872746878,11.910480369679693,11.358224025283127,11.99507851720196,12.910325972077933,13.304009288929285,12.267794780770084,10.696579907305468,11.296336079306702,12.158268148461742,12.52901845656447,11.553165958589302,11.21,2.7142591559769453,-22.037055328996562,-73.27560012154358,15.878662322106171,12.614123373809955,22.407740218698603,77.00892857142854,48.36065573770492,24.91408934707903,-9.20295809367296,-20.389048991354468,28.50779510022271,-0.5994710506912886,-0.6595687885059864,12.802114419856482,11.8728589749122,10.758000000000001,11.809000000000001,13.0095,13.558333333333334,13.944500000000001,13.571166666666667,0.6000000000000014,0.5599999999999987,0.009999999999999787,0.0693386151692237,13.181999999999999,16.26932554162984,10.094674458370156
