date,close,high,open,low,vol,settle,amount,percent,close_EMA_5,close_EMA_7,close_EMA_14,close_EMA_21,close_EMA_3,close_EMA_15,close_EMA_30,close_EMA_45,close_EMA_25,close_EMA_50,close_EMA_75,close_EMA_10,close_EMA_20,close_EMA_40,close_EMA_80,close_EMA_5_3,close_EMA_10_3,close_EMA_20_3,close_EMA_40_3,close_EMA_80_3,close_EMA_5_-3,close_EMA_10_-3,close_EMA_20_-3,close_EMA_40_-3,close_EMA_80_-3,close_shift_4,BIAS_5,BIAS_50,CCI,K,D,J,WR,RSI_6,RSI_12,ROC_6,ROC_12,RSI_24,Dea,MACD,close_EMA_26,close_EMA_12
20181119,5.29,5.29,5.29,5.29,0.00012728,,0.06733615,,5.29,5.29,5.29,5.29,5.29,5.29,5.29,5.29,5.29,5.29,5.29,5.29,5.29,5.29,5.29,5.4487000000000005,5.4487000000000005,5.4487000000000005,5.4487000000000005,5.4487000000000005,5.1312999999999995,5.1312999999999995,5.1312999999999995,5.1312999999999995,5.1312999999999995,,,,,,,,,,,,,,0.0,0.0,5.29,5.29
20181120,5.82,5.82,5.82,5.82,0.00017317,5.29,0.10078645,10.0189035917,5.466666666666666,5.4225,5.360666666666666,5.338181818181818,5.555,5.35625,5.324193548387097,5.313043478260869,5.330769230769231,5.310784313725489,5.303947368421052,5.386363636363637,5.340476190476191,5.315853658536585,5.303086419753087,5.630666666666666,5.547954545454546,5.500690476190477,5.475329268292683,5.46217901234568,5.302666666666666,5.224772727272727,5.180261904761905,5.156378048780487,5.143993827160494,,,,,,,,,,,,,,0.00845584045584058,0.06764672364672464,5.329259259259259,5.371538461538462
20181121,6.4,6.4,6.4,6.4,0.00056472,5.82,0.36142312,9.9656357388,5.777777777777778,5.666875000000001,5.499244444444444,5.434710743801652,5.9775,5.48671875,5.393600416233091,5.360302457466918,5.413017751479291,5.3534986543637055,5.332790858725761,5.5706611570247935,5.441383219954649,5.368738845925045,5.330170705685109,5.9511111111111115,5.737780991735537,5.604624716553289,5.529801011302797,5.490075826855663,5.604444444444444,5.40354132231405,5.2781417233560095,5.207676680547293,5.1702655845145555,,,,,,,,,,,,,,0.031002657445962534,0.18037453592097563,5.408573388203018,5.529763313609468
20181122,7.04,7.04,7.04,7.04,0.00062321,6.4,0.43874272,10.0,6.198518518518519,6.0101562500000005,5.704678518518518,5.580646130728774,6.50875,5.680878906249999,5.499819744218053,5.433332785403139,5.538170232134731,5.419635962035717,5.377717415075082,5.837813673929376,5.593632437101825,5.4502637802701654,5.3723887129521435,6.384474074074075,6.012948084147258,5.76144141021488,5.61377169367827,5.533560374340708,6.012562962962963,5.662679263711494,5.42582346398877,5.286755866862061,5.211217051563579,,,,,,,,,,,,,,0.07133964902003562,0.3226959325925847,5.529419803891684,5.762107419208012
20181123,7.74,7.74,7.74,7.2,0.0648013,7.04,48.70380544,9.9431818182,6.712345679012347,6.4426171875,5.976054716049382,5.776951027935249,7.124375000000001,5.9382690429687495,5.644347502655598,5.533622664298655,5.707541752739751,5.51063063019118,5.439882746257318,6.183665733214943,5.798048395473081,5.561958230013084,5.430848250903942,6.913716049382717,6.369175705211392,5.971989847337273,5.7288169769134765,5.59377369843106,6.510975308641976,5.998155761218495,5.624106943608888,5.395099483112691,5.267922803376824,5.29,19.85134716630536,,,,,,,,,,,,0.1317181392957905,0.4830279222060389,5.693166485084892,6.066398585483702
20181126,7.18,7.6,7.49,6.97,0.04129448,7.74,29.81369088,-7.2351421189,6.868230452674898,6.626962890625,6.136580753909465,5.904500934486591,7.1521875,6.093485412597656,5.7434218573229785,5.605204287590017,5.82080777175977,5.576096095673879,5.485675305566336,6.364817418084954,5.929662833999454,5.6408870968417135,5.474037182980388,7.074277366255145,6.5557619406275025,6.107552719019438,5.8101137097469655,5.6382582984698,6.662183539094651,6.173872895542405,5.75177294897947,5.4716604839364615,5.309816067490976,5.82,5.032182562902273,,,,,,,81.3953488372093,,,,,0.19225842724066064,0.4843223035589613,5.803302301004529,6.2377218800246705
20181127,6.9,7.15,7.07,6.71,0.02491142,7.18,17.10564608,-3.8997214485,6.878820301783265,6.695222167968749,6.238369986721536,5.995000849533264,7.02609375,6.194299736022948,5.8180398020118185,5.661499753346972,5.90382255854748,5.628013895843532,5.522894376472486,6.462123342069507,6.022075897428077,5.702307238459191,5.509246141425317,7.085184910836763,6.655987042331592,6.20273817435092,5.873376455612967,5.674523525668077,6.672455692729767,6.268259641807422,5.841413620505234,5.531238021305415,5.343968757182557,6.4,-2.1554169030062287,,,,,,,69.56521739130434,,30.43478260869566,,,0.24482107258503855,0.42050116275502314,5.884539167596786,6.3396108215593365
20181128,6.95,7.11,6.8,6.75,0.01998898,6.9,13.93165696,0.7246376812,6.90254686785551,6.758916625976561,6.3332539884919985,6.081818954121149,6.988046875,6.28876226902008,5.891069492204604,5.717521503201453,5.98429774635152,5.679856488163392,5.560449787617947,6.55082818896596,6.1104496214825454,5.763170299997768,5.544820310772839,7.1096232738911755,6.747353034634939,6.293763110127022,5.936065408997701,5.711164920096024,6.695470461819845,6.354303343296982,5.9271361328380685,5.5902751909978345,5.378475701449654,7.04,-2.9600670203853756,,,50.0,50.0,50.0,,62.33183856502242,,19.415807560137456,,,0.2898677894265308,0.3603737347319378,5.9634621922192474,6.433516849011747
20181129,6.55,6.95,6.95,6.54,0.02080368,6.95,13.96952064,-5.7553956835,6.785031245237007,6.7066874694824214,6.362153456693065,6.124380867382863,6.7690234375,6.3214169853925695,5.933581137868823,5.753716220453564,6.02781330432448,5.7139797631373765,5.586490582680633,6.550677609153968,6.152311562293731,5.801552236583242,5.569639562358695,6.988582182594117,6.747197937428587,6.336880909162542,5.9755988036807395,5.7367287492294565,6.581480307879897,6.354157280879348,5.967742215424919,5.627505669485744,5.402550375487934,7.74,-7.276330690826731,,,50.47619047619047,50.15873015873016,51.11111111111107,,37.688442211055275,,2.3437499999999916,,,0.32079981084904974,0.24745617138015152,6.0069094372400444,6.45143733377917
20181130,6.45,6.52,6.47,6.17,0.01803341,6.55,11.4701824,-1.5267175573,6.6733541634913385,6.642515602111816,6.37386632913399,6.153982606711693,6.609511718749999,6.337489862218499,5.96689848381277,5.78398942825993,6.060289203991828,5.742843301837871,5.609214514715353,6.5323725893077915,6.1806628420752805,5.833183834798693,5.591376857115271,6.873554788396079,6.728343766987026,6.366082727337539,6.008179349842655,5.759118162828729,6.473153538586598,6.336401411628557,5.995242956813022,5.658188319754732,5.423635551401812,7.18,-5.230678812812223,,,44.588293650793645,48.30191798941799,37.16104497354496,,3.5971223021582612,,-8.380681818181817,,,0.3389368976988402,0.145096694798324,6.039730960407449,6.451216205505451
20181203,6.66,6.88,6.54,6.43,0.02329072,6.45,15.52289536,3.2558139535,6.668902775660892,6.646886701583862,6.412017485249459,6.199984187919721,6.634755859375,6.377803629441187,6.011614710663559,5.822076844422542,6.106420803684764,5.778810231177562,5.636866764328107,6.555577573070011,6.226313999972873,5.873516330662172,5.617762613729709,6.868969858930719,6.752244900262112,6.413103419972059,6.049721820582037,5.7862954921416,6.468835692391065,6.358910245877911,6.039524579973686,5.697310840742307,5.449229735317817,6.9,-0.62667860340198,,,40.12892612812995,45.577587368988645,29.23160364641255,,25.0,,-13.953488372093023,,,0.3506815129754244,0.09395692221267327,6.085676815192083,6.483336789273844
20181204,6.58,6.59,6.53,6.43,0.01403853,6.66,9.13718464,-1.2012012012,6.639268517107261,6.630165026187896,6.434415153882864,6.23453107992702,6.6073779296875,6.403078175761038,6.048284729330426,5.855030025099823,6.14284997263209,5.81022943779805,5.661686060003683,6.5600180143300095,6.259998380927837,5.907978948678651,5.641521561538852,6.838446572620479,6.75681855475991,6.4477983323556725,6.08521831713901,5.810767208385018,6.4400904615940435,6.363217473900109,6.072198429500002,5.730739580218292,5.472275914692686,6.95,-0.8737571557698076,,,35.45750064592952,42.20422512796894,21.96405168185069,,30.95238095238093,65.61743341404357,-8.356545961002782,,,0.35572815139282066,0.04037310733916999,6.122293347400078,6.498208052462483
20181205,6.43,6.5,6.4,6.37,0.01016949,6.58,6.5402272,-2.2796352584,6.5695123447381745,6.580123769640922,6.433826466698482,6.252300981751836,6.51868896484375,6.406443403790909,6.072911520986527,5.880028719660701,6.164938436275776,5.834534165727539,5.681904847898323,6.5363783753609175,6.276189011315661,5.933443390206522,5.660990164957646,6.76659771508032,6.732469726621745,6.464474681655131,6.111446691912717,5.830819869906375,6.372426974396029,6.34028702410009,6.087903340976191,5.755440088500326,5.491160460008916,6.55,-1.591674318947061,,,29.15850361533305,37.855651290423644,11.764208265151865,,22.34042553191488,58.133333333333326,-6.811594202898559,21.550094517958406,,0.3531081357446452,-0.020960125185403355,6.14508643277785,6.487714505929794
20181206,6.45,6.66,6.36,6.32,0.01172016,6.43,7.6165824,0.3110419907,6.529674896492117,6.547592827230692,6.435982937805352,6.270273619774397,6.484344482421875,6.411887978317045,6.097239809955139,5.904810079675453,6.186866248869947,5.858670080797047,5.7021178782167885,6.520673216204387,6.292742438809408,5.958641273611081,5.680471889279679,6.725565143386881,6.716293412690519,6.48152471197369,6.137400511819414,5.850886045958069,6.333784649597353,6.325053019718255,6.103960165645126,5.779882035402749,5.510057732601289,6.45,-0.9824992324224756,,,25.96580893702857,33.89237050595862,10.112685799168474,52.6530612244898,41.07142857142861,50.78369905956113,-7.194244604316546,10.824742268041234,,0.34533443885688275,-0.06218957510209955,6.1676726229424546,6.4819122742482875
20181207,6.38,6.49,6.42,6.34,0.00705091,6.45,4.50616608,-1.0852713178,6.479783264328078,6.505694620423019,6.428518546097972,6.280248745249452,6.432172241210937,6.407901981027415,6.115482402861258,5.925470510993911,6.201722691264566,5.879114391354025,5.71995688142161,6.495096267803589,6.301052682732322,5.979195357825175,5.69774418830981,6.674176762257921,6.689949155837697,6.490084263214292,6.15857121855993,5.868676513959104,6.285389766398235,6.300243379769482,6.112021102250352,5.799819497090419,5.526811862660515,6.66,-1.8461538461538478,,,24.45339643420952,30.74604581537558,11.868097671877393,70.83333333333334,43.396226415094326,37.404580152671755,-2.5954198473282433,-0.3125000000000072,,0.33283412829088743,-0.10000248452796279,6.183400576798569,6.466233462825475
20181210,6.23,6.36,6.32,6.18,0.00761899,6.38,4.75157568,-2.3510971787,6.39652217621872,6.4367709653172644,6.402049406618242,6.275680677499502,6.331086120605469,6.3856642333989875,6.122870634934725,5.938710923559393,6.2038978688596,5.892874611300926,5.73337906875262,6.446896946384754,6.294285760567339,5.991429730614191,5.710886307116975,6.588417841505281,6.640303854776297,6.48311433338436,6.171172622532617,5.8822128963304845,6.204626510932158,6.2534900379932115,6.105457187750319,5.811686838695764,5.539559717903465,6.58,-2.868724664795748,,,18.429923863941113,26.64067183156409,2.0084279286951556,96.17834394904456,4.2553191489362625,13.526570048309189,-3.4108527131782904,-11.505681818181813,,0.31487479607979313,-0.14367465768875454,6.186852385924601,6.429889853160017
20181211,6.33,6.38,6.24,6.2,0.00724027,6.23,4.5509376,1.6051364366,6.374348117479147,6.410078223987949,6.392442819069143,6.28061879772682,6.330543060302734,6.378706204224114,6.1362338197776465,5.955723492100289,6.2135980327934766,5.910016783406772,5.749079619574919,6.425642956132981,6.297687116703783,6.007945353511059,5.726173064965939,6.565578561003521,6.61841224481697,6.486617730204897,6.1881837141163905,5.897958256914917,6.183117673954772,6.232873667448991,6.108756503202669,5.8277069929057275,5.55438787301696,6.43,-0.5342551854179731,,,19.124222746900916,24.13518880334303,9.10229063401669,89.80891719745222,24.489795918367356,23.602484472049692,-4.954954954954956,-18.217054263565892,,0.2953130909738228,-0.15649364084776252,6.197455912893149,6.414522183443091
20181212,6.31,6.38,6.32,6.28,0.00518516,6.33,3.28089376,-0.3159557662,6.352898744986098,6.385058667990961,6.381450443193258,6.283289816115291,6.320271530151366,6.3701179286961,6.147444541082314,5.971126818530712,6.22101356873244,5.925702399743762,5.763840682217684,6.404616964108802,6.298859772255804,6.022679726510519,5.740588544843323,6.543485707335681,6.596755473032067,6.487825565423479,6.203360118305835,5.912806201188623,6.1623117826365155,6.212478455185538,6.10989397908813,5.8419993347152035,5.568370888498023,6.45,-0.4731861198738209,,,19.322251784318905,22.53087646366832,12.905002425620069,91.08280254777073,33.33333333333333,28.148148148148127,-4.103343465045599,-12.11699164345404,,0.27478033989719175,-0.1642620086130484,6.205792511938101,6.398441847528769
20181213,6.37,6.47,6.32,6.26,0.0096367,6.31,6.14671872,0.9508716323,6.358599163324065,6.381294000993221,6.379923717434156,6.291172560104811,6.345135765075684,6.370103187609087,6.161802957786681,5.9884691307685065,6.23247406344533,5.943125835047929,5.779792243211955,6.398322970634475,6.305635032040966,6.0396221788758595,5.756129568427439,6.549357138223788,6.59027265975351,6.494804083002195,6.220810844242135,5.928813455480262,6.167841188424343,6.20637328151544,6.116465981079737,5.858433513509584,5.583445681374616,6.38,0.7273877292852666,,,21.929120237165,22.330291054833882,21.126778601827247,86.013986013986,40.0,28.676470588235308,-0.9331259720062148,-7.681159420289858,,0.25504630173892784,-0.1578723052661115,6.217956029572316,6.394066178678188
20181214,6.25,6.35,6.34,6.2,0.00806205,6.37,5.03960288,-1.8838304553,6.322399442216043,6.348470500744916,6.362600555109602,6.287429600095283,6.297567882537842,6.355090289157951,6.167493089542379,5.999840038126397,6.233822212411074,5.955160116026442,5.792166131548482,6.371355157791843,6.300336457560875,6.049884511613623,5.768323900071206,6.5120714254825245,6.562495812525598,6.489346551287701,6.231381046962032,5.941373617073342,6.132727458949562,6.180214503058088,6.111326363834049,5.868387976265214,5.595274183069069,6.23,-0.7621467132422998,,,19.48052460255446,21.380368904074075,15.680835999515232,91.83673469387755,35.55555555555557,36.111111111111136,-3.1007751937984525,-10.071942446043169,,0.23435154022670882,-0.16555809209775224,6.220329657011404,6.371902151189237
20181217,6.23,6.26,6.21,6.17,0.00427577,6.25,2.65556336,-0.32,6.29159962814403,6.318852875558687,6.344920481094988,6.282208727359348,6.263783941268921,6.339454003013207,6.171525793442871,6.009846992990466,6.23352819607176,5.965938150692072,5.803688075455101,6.345654220011508,6.293637747316983,6.058670632998325,5.77972330994599,6.480347616988351,6.536023846611854,6.482446879736493,6.240430751988275,5.95311500924437,6.1028516392997085,6.155284593411163,6.104828614897473,5.876910514008375,5.606331610647611,6.33,-1.0797078437599177,,,17.06864905476423,19.94312895430413,11.31968925568443,93.6170212765957,50.0,39.00000000000002,-2.351097178683377,-4.885496183206098,,0.21328624663976975,-0.1685223486955122,6.221045978714263,6.350071051006276
20181218,6.12,6.24,6.19,6.09,0.00538989,6.23,3.31589632,-1.7656500803,6.23439975209602,6.269139656669015,6.314931083615656,6.267462479417588,6.19189197063446,6.312022252636556,6.168201548704622,6.0146362541647935,6.224795257912395,5.971979791841402,5.8120120734694405,6.304626180009416,6.27710081900108,6.061662309437431,5.788125203527572,6.421431744658901,6.4937649654096985,6.465413843571112,6.243512178720555,5.961768959633399,6.047367759533139,6.115487394609134,6.088787794431048,5.879812440154308,5.614481447421745,6.31,-2.173913043478263,,,13.133485334755115,17.67324774778779,4.053960508689762,96.51162790697671,18.18181818181828,20.00000000000004,-1.7656500802568267,-5.116279069767442,,0.1908518799709204,-0.17947493335079467,6.213561091402095,6.314675504697618
20181219,6.07,6.15,6.14,6.05,0.00402218,6.12,2.45438576,-0.8169934641,6.179599834730681,6.2193547425017615,6.282273605800236,6.24951134492508,6.13094598531723,6.281769471056987,6.161865964917228,6.017043373548932,6.212887930380672,5.9758237215731125,5.818801229430771,6.261966874553159,6.257376931477167,6.0620690260502395,5.795085075045409,6.364987829772601,6.449825880789754,6.445098239421482,6.243931096831747,5.968937627296771,5.99421183968876,6.074107868316564,6.069655623532852,5.880206955268732,5.621232522794047,6.37,-2.2229381443298952,,,10.270808404988292,15.205767966854625,0.4008892812556262,97.59036144578307,16.666666666666792,20.68965517241384,-4.107424960505526,-8.858858858858856,,0.16750274055195677,-0.186793115351709,6.202926936483421,6.2770331193595235
20181220,6.0,6.08,6.05,5.9,0.00647737,6.07,3.87601344,-1.1532125206,6.119733223153787,6.164516056876321,6.244637125026871,6.226828495386436,6.065472992658615,6.246548287174863,6.151422999438696,6.016302357307675,6.196511935736004,5.976771810923187,5.823569618129961,6.214336533725312,6.232864842765056,6.059041268681935,5.800144702822066,6.303325219848401,6.400766629737072,6.419850788048008,6.240812506742393,5.974149043906728,5.936141226459173,6.027906437713552,6.045878897482105,5.877270030621477,5.626140361737404,6.25,-2.184545158134991,,,12.695158819699783,14.368898251136343,9.34767995682666,89.79591836734697,0.0,22.78481012658233,-4.912836767036445,-8.814589665653497,57.001972386587774,0.14330565802143222,-0.19357666024419634,6.187895311558724,6.234412639458058
20181221,5.91,5.96,5.95,5.88,0.0046365,6.0,2.73981792,-1.5,6.049822148769191,6.100887042657241,6.200018841689954,6.1980259048967605,5.987736496329307,6.204479751278006,6.135847322055555,6.011680515685602,6.1744725560640035,5.974153308534042,5.8258441018633835,6.1590026185025275,6.202115810120765,6.051770962892572,5.802857179295595,6.231316813232267,6.343772697057603,6.388179284424388,6.23332409177935,5.976942894674463,5.868327484306116,5.974232539947452,6.016052335817142,5.870217834005794,5.628771463916727,6.23,-2.571711177052433,,,10.158354467370492,12.965383656547727,4.544296089016019,96.15384615384612,0.0,18.60465116279071,-7.221350078492934,-8.08709175738724,50.9719222462203,0.11808303220772005,-0.20178100650969735,6.167310473665485,6.1845030026183565
20181224,5.92,5.94,5.89,5.87,0.00328546,5.91,1.93997488,0.1692047377,6.0065480991794615,6.05566528199293,6.162682996131294,6.172750822633418,5.953868248164653,6.168919782368255,6.1219216883745515,6.007694406307966,6.15489774405908,5.972029649375844,5.828321888656452,6.115547596956613,6.175247637728311,6.045343111044154,5.805749594621629,6.1867445421548455,6.299014024865312,6.36050506686016,6.226703404375479,5.979922082460278,5.826351656204078,5.9320811690479145,5.989990208596462,5.863982817712829,5.63157710678298,6.12,-1.399067288474359,,,9.550014089358097,11.826927134151184,4.996187999771923,93.67088607594938,3.030303030302965,21.249999999999996,-5.280000000000001,-8.217054263565895,44.08866995073891,0.09343023649914996,-0.1972223656685608,6.148991179319894,6.143810232984763
20181225,5.77,5.86,5.86,5.61,0.00767314,5.92,4.3961968,-2.5337837838,5.9276987327863075,5.984248961494697,6.110325263313787,6.136137111484925,5.861934124082326,6.119054809572223,6.099217063318128,5.997359866903272,6.125290225285304,5.964106918027772,5.826787102112862,6.052720761146319,6.136652624611329,6.031911739773707,5.804866888581589,6.1055296947698965,6.234302383980709,6.320752203349668,6.212869091966919,5.979012895239037,5.749867770802719,5.871139138311929,5.952553045872989,5.8509543875804955,5.630720881924142,6.07,-2.763734411863831,,-96.14632462901201,12.56822644716894,12.074026905157103,13.556625531192612,84.76190476190483,2.702702702702644,21.24999999999997,-7.383627608346723,-9.561128526645774,32.212885154061624,0.06782083074775827,-0.20487524601113344,6.120917758629531,6.086300966371723
20181226,5.63,5.79,5.74,5.63,0.00455119,5.77,2.5897048,-2.4263431542,5.828465821857538,5.895686721121023,6.0462818948719494,6.090124646804477,5.745967062041164,6.057922958375696,6.068944994716958,5.981387698777042,6.087190977186434,5.951004685948252,5.821608494162523,5.975862440937897,6.0883999936959645,6.012306289053039,5.800549187628957,6.0033197965132645,6.1551383141660345,6.271051993506844,6.19267547772463,5.974565663257826,5.6536118472018115,5.79658656770976,5.905747993885085,5.831937100381448,5.626532712000088,6.0,-3.6948340745808985,,-90.81701793801915,9.279718532346843,11.142590780887016,5.553974035266499,97.72727272727278,2.1739130434782146,8.333333333333359,-8.006535947712422,-9.630818619582673,14.950166112956815,0.04056613209553099,-0.2180375892178182,6.084553480212528,6.01610081769915
20181227,5.47,5.76,5.73,5.47,0.0056484,5.63,3.17594848,-2.8419182948,5.708977214571692,5.789265040840767,5.969444308889023,6.0337496789131615,5.607983531020581,5.984432588578733,6.030303382154574,5.959153451004128,6.039714748172092,5.932141757087536,5.812355639052983,5.883887451676461,6.029504756201111,5.985852323733378,5.79238747929244,5.880246531008843,6.060404075226756,6.210389898887144,6.16542789344538,5.966159103671213,5.537707898134541,5.707370828126167,5.848619613515077,5.806276754021376,5.618615854913667,5.91,-4.703832752613248,,-98.00500025511506,6.186479021564562,9.490553527779532,-0.4216699908653787,100.0,1.81818181818178,7.142857142857169,-9.8846787479407,-13.586097946287525,17.241379310344833,0.011063767093847099,-0.23601892001347113,6.039031000196785,5.932085307283897
20181228,5.38,5.57,5.49,5.37,0.00631054,5.47,3.44413024,-1.6453382084,5.599318143047795,5.6869487806305745,5.890851734370487,5.974317889921056,5.493991765510291,5.908878515006392,5.9883483252413745,5.933972866177862,5.988967459851162,5.910489139162535,5.800977859077904,5.792271551371649,5.967647160372434,5.956298551843945,5.782205072396331,5.767297687339229,5.966039697912799,6.146676575183607,6.134987508399264,5.955671224568221,5.431338598756361,5.618503404830499,5.788617745561261,5.777609595288626,5.608738920224441,5.92,-4.508342208022712,,-109.19310849464496,4.507461110161807,7.829522721906957,-2.1366621133284927,99.09090909090911,1.81818181818178,0.9900990099009691,-10.333333333333334,-14.738510301109347,18.595041322314053,-0.019761942906481922,-0.24660568000263217,5.9902138890710965,5.8471491061632985
20190102,5.28,5.42,5.39,5.25,0.0046274,5.38,2.46035696,-1.8587360595,5.4928787620318635,5.585211585472932,5.809404836454422,5.911198081746415,5.386995882755146,5.830268700630593,5.942648433290318,5.905539263300563,5.934431501401074,5.885764074881652,5.787267915417959,5.699131269304076,5.902156954622678,5.923308378583265,5.769804947151977,5.657665124892819,5.870105207383199,6.079221663261359,6.101007629940763,5.942899095566537,5.328092399170908,5.5281573312249535,5.725092245983998,5.745609127225767,5.596710798737417,5.77,-4.104613149291666,,-114.4376512546172,4.1160851845523245,6.591710209455413,-0.8351648652538533,97.54098360655735,0.0,1.0101010101009893,-10.659898477157357,-17.111459968602823,16.19433198380568,-0.05135156538934886,-0.2527169798629355,5.937605452843608,5.759895397522792
20190103,5.39,5.53,5.29,5.28,0.00782136,5.28,4.23602112,2.0833333333,5.458585841354576,5.536408689104698,5.753484191593832,5.863816437951286,5.388497941377572,5.775235113051769,5.906993695658685,5.883124512722277,5.8925521551394535,5.866322346454919,5.776813496591171,5.642925583976062,5.853380101801471,5.897293335725545,5.760427047222298,5.622343416595213,5.812213351495344,6.0289815048555155,6.074212135797311,5.933239858638967,5.294828266113938,5.4736378164567805,5.677778698747426,5.720374535653778,5.587614235805629,5.63,-0.7366482504604221,,-84.21705426356591,8.366546749540895,7.183322389483907,10.73299546965487,88.52459016393445,18.333333333333275,11.111111111111047,-8.952702702702707,-13.760000000000005,23.39449541284403,-0.07989198684703659,-0.22832337166150182,5.897042085966304,5.702988413288517
20190104,5.65,5.76,5.28,5.24,0.01676949,5.39,9.3310848,4.8237476809,5.522390560903051,5.564806516828524,5.7396862993813205,5.844378579955715,5.519248970688786,5.759580723920298,5.890413457229093,5.872988664343048,5.8738942970518035,5.857839117182178,5.773476299312456,5.64421184143496,5.834010568296569,5.885230246177958,5.757700453463723,5.688062277730142,5.813538196678009,6.009030885345466,6.061787153563297,5.930431467067635,5.356718844075959,5.474885486191911,5.658990251247672,5.708673338792619,5.584969439859812,5.47,3.974972396025031,,-45.745317317870196,24.559179314508757,12.975274697825522,47.72698854787523,63.06306306306303,51.388888888888914,30.89430894308943,-2.079722703639501,-9.309791332263243,32.90598290598292,-0.10069485397470031,-0.1664229370213098,5.878742672191023,5.6948363497056675
20190107,5.56,5.61,5.61,5.47,0.0106831,5.65,5.91292992,-1.592920354,5.534927040602034,5.563604887621392,5.715728126130478,5.818525981777923,5.539624485344393,5.734633133430261,5.869096459988507,5.859380461545524,5.849748581893972,5.8461591518024845,5.767858501962128,5.628900597537695,5.807914323696896,5.869365356120497,5.752818960785607,5.700974851820096,5.797767615463826,5.982151753407803,6.045446316804112,5.925403529609175,5.368879229383973,5.460033579611563,5.63367689398599,5.693284395436882,5.580234391962039,5.38,1.9809244314013141,,-37.236681922549394,31.61088144776771,19.187143614472916,56.4583571143573,68.6274509803922,56.92307692307691,29.921259842519664,-1.2433392539964525,-9.15032679738563,25.225225225225227,-0.11676384477491655,-0.12855192640173002,5.855132103880577,5.674092295904796
20190108,5.45,5.53,5.5,5.44,0.00628523,5.56,3.44274496,-1.9784172662,5.506618027068023,5.535203665716044,5.6802977093130815,5.785023619798112,5.494812242672197,5.699053991751478,5.842057978698926,5.841581311043544,5.818998690979051,5.830623498790622,5.759493804542072,5.596373216167205,5.773827245249573,5.848908509480473,5.745341949408185,5.671816567880064,5.764264412652222,5.947042062607061,6.024375764764887,5.91770220789043,5.341419486255982,5.428482019682188,5.600612427892086,5.673441254196058,5.572981690925939,5.28,-0.2927186242224502,,-40.861109826945786,32.36424354582363,23.579510258256487,49.93371012095793,79.0,55.223880597014954,29.00763358778626,-0.36563071297988253,-10.214168039538716,24.888888888888903,-0.13051222788686384,-0.10998706489557841,5.825122318407942,5.639616558073289
20190109,5.47,5.58,5.45,5.45,0.00925732,5.45,5.10956832,0.3669724771,5.494412018045349,5.518902749287033,5.652258014738004,5.7563851089073745,5.482406121336098,5.670422242782544,5.818054238137705,5.825425601867738,5.792152637826817,5.816481400798833,5.751875546527807,5.573396267773168,5.744891317130566,5.830425167554596,5.738543382756131,5.65924437858671,5.740598155806363,5.917238056644483,6.005337922581234,5.910699684238815,5.329579657503988,5.406194379739973,5.572544577616649,5.655512412527958,5.566387081273446,5.39,-0.6177325581395314,,-28.08865481676531,35.51555630327634,27.558192273263103,51.43028436330282,74.72527472527479,66.1016949152542,32.25806451612901,1.672862453531596,-8.833333333333337,27.358490566037734,-0.14146883401024,-0.08765284898700926,5.798816961488836,5.613521702985091
20190110,5.37,5.44,5.43,5.36,0.00602021,5.47,3.2450112,-1.8281535649,5.452941345363566,5.481677061965275,5.614623612772936,5.721259189915795,5.426203060668049,5.6328694624347255,5.789147513096563,5.805624488743054,5.759679357993985,5.798972326257702,5.741826190040233,5.536415128178047,5.70918738216575,5.8079654032836405,5.729443546144869,5.616529585724473,5.702507582023388,5.880463003630722,5.98220436538215,5.901326852529215,5.289353105002659,5.370322674332705,5.537911760700777,5.633726441185131,5.557560239760522,5.65,-2.363636363636362,,-39.49773855837048,32.01037086885089,29.0422518051257,37.94660899630128,84.52380952380953,48.27586206896555,29.323308270676684,1.7045454545454517,-9.137055837563453,25.454545454545446,-0.1513742505114966,-0.07924333201005307,5.767052742119292,5.576056825602769
20190111,5.48,5.54,5.37,5.37,0.00722081,5.37,3.94898112,2.0484171322,5.461960896909044,5.481257796473956,5.596673797736544,5.699326536287086,5.453101530334025,5.613760779630384,5.769202512251623,5.791466902275965,5.738165561225217,5.786463607580929,5.734936027144437,5.526157832145675,5.687360012435678,5.791967090928342,5.723284446240057,5.625819723816316,5.691942567110045,5.857980812808749,5.965726103656192,5.894982979627259,5.2981020700017725,5.360373097181304,5.516739212062608,5.6182080782004915,5.551585912852855,5.56,0.25612879619466217,,-19.702312952201385,36.72486263051601,31.6031220802558,46.96834373103641,66.66666666666663,30.232558139534877,38.759689922480646,1.6697588126159693,-7.4324324324324245,29.910714285714292,-0.15800154512985148,-0.053018356946839096,5.745789576036382,5.561278852433111
20190114,5.4,5.51,5.51,5.39,0.00457886,5.48,2.48311424,-1.4598540146,5.441307264606029,5.460943347355467,5.570450624705005,5.67211503298826,5.426550765167013,5.587040682176586,5.7453829953321645,5.77444660217701,5.7121528257463545,5.771308171989521,5.7261219211669525,5.503220044482824,5.659992392203709,5.7728467450293985,5.715302114234129,5.60454648254421,5.668316645817309,5.829792163969821,5.946032147380281,5.886761177661153,5.278068046667848,5.33812344314834,5.490192620437598,5.599661342678516,5.543843050807105,5.45,-0.6256900993743064,,-19.87169402345885,34.73965201008761,32.648632056866404,38.92169191653002,77.14285714285712,30.952380952381,40.65040650406505,-4.424778761061947,-6.412478336221825,30.87557603686636,-0.16314299851937436,-0.04113162711618312,5.720175533367022,5.536466721289556
20190115,5.54,5.56,5.4,5.38,0.00893629,5.4,4.90121504,2.5925925926,5.474204843070686,5.4807075105166,5.566390541411005,5.660104575443873,5.483275382583507,5.581160596904513,5.732132479504283,5.764253271647575,5.698910300688943,5.762237263284049,5.721223975873085,5.509907309122311,5.648564545327166,5.7614883672230865,5.710973666969089,5.638430988362807,5.67520452839598,5.818021481686981,5.934333018239779,5.882302876978161,5.309978697778566,5.344610089848642,5.479107608967351,5.588643716206394,5.5396444569600165,5.47,1.6140865737344106,,-1.5217106126199127,42.390537237494314,35.89593378374237,55.3797441449982,51.612903225806484,60.0,52.89256198347109,-0.35971223021581966,-1.598579040852573,32.126696832579185,-0.16447817780198615,-0.010681434260894296,5.706829197562058,5.537010302629625
20190116,5.48,5.51,5.5,5.44,0.00516461,5.54,2.8275024,-1.083032491,5.476136562047124,5.48053063288745,5.554871802556204,5.643731432221703,5.481637691291754,5.568515522291449,5.715865867923362,5.751894433749855,5.682071046789793,5.751169135312125,5.7148759765080035,5.504469616554618,5.632510779105532,5.747757227358546,5.705270613463679,5.640420658908537,5.669603705051257,5.801486102478698,5.920189944179302,5.876428731867589,5.31185246518571,5.33933552805798,5.463535455732366,5.57532451053779,5.534112495059768,5.37,0.4767143381004894,,-1.0490820532037037,43.64497354294495,38.4789470368099,53.97702655521505,56.36363636363632,51.02040816326537,54.23728813559324,0.5504587155963349,0.1828153564899575,31.555555555555564,-0.16394005182943516,0.004305007780407877,5.690027034779684,5.5282394868404525
20190117,5.46,5.56,5.46,5.43,0.00714391,5.48,3.92939264,-0.3649635036,5.4707577080314165,5.475397974665587,5.542222228882044,5.627028574747002,5.470818845645876,5.554951082005018,5.699358392573466,5.739203371412904,5.664988658575193,5.7397507378489045,5.70816871396832,5.4963842317265055,5.616081181095481,5.733720289438617,5.699214548933711,5.634880439272359,5.6612757586783005,5.784563616528346,5.9057318981217755,5.870190985401723,5.306634976790474,5.3314927047747105,5.447598745662616,5.5617086807554585,5.5282381124657,5.48,-0.2192982456140434,,4.625368731563154,42.429982361963255,39.79595881186101,47.69802946216774,57.69230769230771,60.97560975609754,58.181818181818166,-0.18281535648994127,1.4869888475836444,29.411764705882344,-0.1622014196469001,0.013909057460280372,5.672987995166373,5.517741104249613
20190118,5.51,5.54,5.47,5.43,0.00634301,5.46,3.48548256,0.9157509158,5.4838384720209445,5.48404848099919,5.537925931697771,5.6163896134063656,5.490409422822938,5.54933219675439,5.6871417220848555,5.729238007438429,5.653066454069409,5.730740904992085,5.702953747811258,5.49885982595805,5.60597821146734,5.722807104587953,5.694542584762509,5.648353626181573,5.663825620736792,5.77415755781136,5.894491317725592,5.865378862305384,5.319323317860316,5.333894031179308,5.43779886512332,5.551122891450314,5.5237063072196335,5.4,0.5841548010222715,,10.480739685465906,51.01392763524818,43.53528175299007,65.97121939976438,48.076923076923116,54.28571428571421,55.769230769230774,2.607076350093104,4.3560606060605975,32.710280373831765,-0.15863406475850925,0.02853883910712679,5.660914810339235,5.516550165134289
20190121,5.48,5.53,5.5,5.46,0.00555849,5.51,3.05271712,-0.5444646098,5.482558981347296,5.483036360749392,5.530202474138068,5.60399055764215,5.48520471141147,5.540665672160092,5.673777740014865,5.71840157233241,5.639753649910223,5.720907928325728,5.697086543921488,5.49543076669295,5.593980286565689,5.710962855583663,5.689245236990595,5.647035750787715,5.660293689693739,5.76179969516266,5.882291741251173,5.859922594100313,5.3180822119068765,5.330567843692161,5.426160877968718,5.539633969916153,5.518567879880877,5.54,-0.25482344375682986,,10.33428240008449,52.19110327198368,46.42055559265461,63.73219863064182,53.84615384615377,63.3333333333334,39.506172839506156,0.0,1.6697588126159693,32.558139534883715,-0.15422458190103405,0.035275862859801554,5.64751371327707,5.510927062805937
20190122,5.37,5.48,5.48,5.36,0.00532104,5.48,2.87640384,-2.0072992701,5.445039320898197,5.454777270562045,5.508842144252992,5.58271868876559,5.427602355705735,5.51933246314008,5.6541791761429385,5.703253677883175,5.619003369147899,5.7071468330972674,5.688479003291976,5.472625172748777,5.57264883070229,5.6943305211649475,5.681362638546383,5.608390500525143,5.636803927931241,5.739828295623359,5.865160436799896,5.851803517702774,5.2816881412712515,5.308446417566313,5.405469365781221,5.523500605529999,5.5109217593899915,5.48,-1.648351648351662,,-36.93931398416888,36.46073551465575,43.10061556665499,23.180975410657283,75.0,18.51851851851848,38.55421686746989,-0.5555555555555601,-4.955752212389385,32.558139534883715,-0.15092189866138836,0.026421465917165488,5.626957141923214,5.489245976220408
20190123,5.35,5.39,5.35,5.32,0.00300609,5.37,1.6093792,-0.3724394786,5.413359547265465,5.428582952921534,5.487663191685927,5.561562444332354,5.3888011778528675,5.49816590524757,5.634554713165975,5.687894822323036,5.598310802290369,5.69314107493659,5.6795716611000815,5.450329686794453,5.551444180159216,5.677533910376413,5.673180845002028,5.575760333683429,5.613839577398287,5.717987505563992,5.847859927687705,5.843376270352088,5.2509587608475,5.28681979619062,5.384900854754439,5.507207893065121,5.502985419651967,5.46,-1.545822598454187,,-78.18414025310632,28.473823676437092,38.225018269915694,8.97143448947989,78.84615384615394,21.739130434782492,43.2432432432432,-3.4296028880866496,-3.7769784172661867,33.01886792452828,-0.14846117487645152,0.01968579027949474,5.606441798077049,5.467823518340345
20190124,5.39,5.44,5.35,5.33,0.00322182,5.35,1.73488992,0.7476635514,5.40557303151031,5.418937214691151,5.474641432794471,5.545965858483958,5.389400588926433,5.4846451670916245,5.618776989735912,5.674942873526382,5.582286894421879,5.681253189644958,5.6719513542290265,5.439360652831826,5.536068543953576,5.663507865967807,5.666188725372348,5.56774022245562,5.602541472416781,5.702150600272184,5.833413101946841,5.836174387133519,5.243405840565001,5.276179833246871,5.369986487634968,5.493602629988772,5.496203063611177,5.51,-0.5535055350553552,,-54.84671630777564,28.704771339846893,35.05160262655943,16.011108766421813,75.86206896551745,35.99999999999994,44.73684210526315,-1.6423357664233713,-1.1009174311926697,35.406698564593285,-0.1456806204868924,0.022244435116472894,5.590409072293563,5.455850669364907
20190125,5.51,5.72,5.39,5.38,0.01294951,5.39,7.1751456,2.2263450835,5.440382021006873,5.441702911018362,5.479355908421875,5.542696234985417,5.4497002944632165,5.487814521205171,5.61175911943037,5.667771444242625,5.576726364081735,5.674537378286332,5.667689476486157,5.452204170498766,5.533585825481806,5.656019677384012,5.662332213634759,5.60359348163708,5.615770295613729,5.69959340024626,5.825700267705532,5.832202180043802,5.277170560376667,5.288638045383803,5.367578250717352,5.4863390870624915,5.492462247225716,5.48,1.660516605166049,,84.53297919433172,34.96984755989791,35.02435093767225,34.86084080434921,52.50000000000006,50.0,58.97435897435896,0.9157509157509125,0.7312614259597813,40.566037735849044,-0.14059879820947452,0.04065457821934304,5.584452844716263,5.46418133561646
20190128,5.45,5.56,5.53,5.43,0.00711224,5.51,3.91117024,-1.0889292196,5.4435880140045825,5.443777183263772,5.4754417872989585,5.534269304532198,5.449850147231608,5.4830877060545244,5.601323047209056,5.658303120579903,5.566978182229294,5.665731990902555,5.661960806052311,5.451803412226263,5.525625270674015,5.645969937023816,5.657089442927727,5.60689565442472,5.615357514593051,5.691394028794236,5.81534903513453,5.82680212621556,5.280280373584445,5.2882493098594745,5.359856512553795,5.4765908389131015,5.487376759639895,5.37,0.6649427410417524,,34.6951294319695,34.14656503993194,34.73175563842548,32.97618384294486,67.49999999999999,45.71428571428569,47.945205479452035,-1.088929219600719,1.4897579143389212,39.1705069124424,-0.13497779517994263,0.04496802423625501,5.574493374737281,5.461999591675466
20190129,5.7,5.76,5.47,5.44,0.01689892,5.45,9.47881664,4.5871559633,5.5290586760030545,5.507832887447829,5.5053828823257644,5.549335731392907,5.574925073615804,5.510201742797709,5.607689302227827,5.660116028380776,5.577210629750118,5.667075834396572,5.662961837471986,5.49693006454876,5.542232387752681,5.648605549851922,5.658148962855438,5.694930436283146,5.661837966485223,5.708499359385262,5.8180637163474795,5.827893431741101,5.363186915722963,5.332022162612297,5.3759654161201,5.479147383356365,5.4884044939697745,5.35,4.014598540145997,-4.394498490439442,479.59183673467845,51.552255481166775,40.338588919339244,73.97958860482183,13.636363636363564,83.67346938775509,66.66666666666666,4.014598540145981,4.014598540145981,48.45814977973569,-0.12501726068070815,0.07968427599387579,5.583790161793779,5.498615039110009
20190130,5.66,5.71,5.56,5.54,0.01014294,5.7,5.70171328,-0.701754386,5.572705784002037,5.545874665585871,5.525998498015662,5.559396119448098,5.617462536807902,5.528926524947995,5.611064185955064,5.660110983668568,5.583579042846262,5.666798350694745,5.662883894380618,5.526579143721713,5.553448350823854,5.649161376688413,5.658194667476291,5.739886957522098,5.692376518033364,5.7200518013485695,5.818636217989066,5.82794050750058,5.405524610481975,5.360781769410061,5.386844900299138,5.479686535387761,5.488448827452002,5.39,2.1291952363767654,-5.183100479110116,-3648.4848484858076,60.12574607835363,46.934307972344044,86.50862229037278,22.72727272727267,80.39215686274515,57.50000000000001,5.400372439478585,4.81481481481481,50.69124423963134,-0.11321217661710523,0.09444067250882332,5.589435334994239,5.523443494631546
20190131,5.78,5.85,5.65,5.6,0.01316812,5.66,7.57271552,2.1201413428,5.641803856001357,5.604405999189404,5.559865364946907,5.579451017680089,5.698731268403951,5.560310709329496,5.621963270732156,5.665323549596022,5.598688347242704,5.671237631059657,5.665965897160075,5.572655663045038,5.575024698364439,5.655543748557271,5.661202206550951,5.811057971681398,5.739835332936389,5.742275439315373,5.82521006101399,5.831038272747479,5.472549740321316,5.405475993153686,5.4077739574135055,5.4858774361005525,5.4913661403544225,5.51,2.8469750889679744,-3.159869986261393,-588.9514279758305,69.01464832896535,54.294421424551146,98.45510213779377,13.207547169811223,83.05084745762717,67.44186046511626,8.037383177570105,4.332129963898921,57.276995305164334,-0.09869724326950118,0.11611946678083238,5.603551236105777,5.562913726226692
20190201,5.79,5.8,5.79,5.7,0.00818983,5.78,4.71278336,0.1730103806,5.6912025706675715,5.650804499392053,5.590549982953986,5.598591834254626,5.7443656342019755,5.589021870663308,5.632804350039759,5.670744264830978,5.6134046282240355,5.675894978861239,5.669229952497968,5.612172815218667,5.595498536615445,5.662102590091063,5.664382398981791,5.861938647787599,5.780537999675227,5.763363492713908,5.831965667793795,5.834313870951245,5.520466493547544,5.443807630762107,5.427633580516981,5.492239512388331,5.494450927012338,5.45,2.008456659619448,-2.793633738499741,-309.34756029788235,75.56951398031654,61.38611894313961,103.93630405467042,11.320754716981073,79.16666666666671,69.41176470588236,7.421150278293142,5.656934306569336,60.00000000000001,-0.08286023053870627,0.12669610184635924,5.6173622556534974,5.597850076037971
20190211,5.81,5.82,5.75,5.69,0.00845065,5.79,4.85761056,0.3454231434,5.730801713778381,5.69060337454404,5.619809985226788,5.617810758413297,5.777182817100988,5.616644136830395,5.644236327456549,5.676798862012239,5.628527349129879,5.681153999298053,5.6729344274322315,5.648141394269818,5.615927247413974,5.6693170978915,5.6679778953032285,5.902725765191732,5.817585636097913,5.784405064836394,5.839396610828245,5.838017232162326,5.558877662365029,5.478697152441724,5.447449429991554,5.499237584954755,5.497938558444131,5.7,1.0786360473208123,-2.053339627094619,-223.24958123953317,81.19728604977077,67.98984131201667,107.61217552527899,7.547169811320771,90.90909090909089,68.29268292682927,5.444646098003627,6.410256410256404,63.451776649746186,-0.06651682289484508,0.13074726115088955,5.631631718197683,5.630488525878283
20190212,5.75,5.79,5.79,5.72,0.0072408,5.81,4.16022752,-1.0327022375,5.73720114251892,5.70545253090803,5.637168653863216,5.6298279621939065,5.763591408550494,5.633313619726596,5.651059790201288,5.67998152018562,5.637871399196811,5.6838538424628355,5.674962468815594,5.666661140766215,5.6286960809935955,5.673252849213865,5.670003132456235,5.909317176794488,5.8366609749892016,5.797556963423403,5.843450434690281,5.840103226429922,5.565085108243352,5.496661306543229,5.459835198563788,5.5030552637374495,5.499903038482548,5.66,-0.13893713094824603,-2.4100475220638065,-153.1814063697841,81.05460095625746,72.34476119343026,98.47428048191188,18.867924528301845,60.0,65.88235294117645,5.5045871559633,4.355716878402908,59.375000000000014,-0.05151842482778309,0.11998718453649586,5.6403997390719285,5.648874906512393
20190213,5.91,5.97,5.74,5.72,0.01345667,5.75,7.8740768,2.7826086957,5.79480076167928,5.756589398181022,5.6735461666814535,5.655298147449006,5.8367957042752465,5.667899417260772,5.667765610188301,5.689982323655811,5.658804368489364,5.692722319228999,5.681147667004658,5.710904569717813,5.655486930422778,5.684801490715628,5.675928981037562,5.968644784529658,5.882231706809347,5.8251515383354615,5.855345535437097,5.846206850468689,5.620956738828902,5.539577432626278,5.485822322510094,5.51425744599416,5.5056511116064355,5.78,1.7561983471074436,0.7397811338765231,-182.55675029868624,83.97990346236375,76.22314194974142,99.49342648760842,9.230769230769178,83.78378378378386,80.00000000000001,3.6842105263157885,7.846715328467148,57.14285714285714,-0.035479166052651195,0.12831407020105517,5.660370128770303,5.68904799781818
20190214,5.84,5.89,5.86,5.8,0.00828096,5.91,4.83435616,-1.1844331641,5.809867174452854,5.777442048635767,5.6957400111239265,5.672089224953641,5.838397852137623,5.689411990103176,5.678877506305185,5.696504831322949,5.672742493990183,5.698497914553352,5.685327991557167,5.734376466132756,5.6730596037158465,5.692372149705109,5.67998011730824,5.98416318968644,5.906407760116738,5.843251391827322,5.863143314196263,5.850379520827487,5.635571159219268,5.562345172148773,5.502867815604371,5.521600985213956,5.509580713788993,5.79,0.34364261168384147,-0.09238033325348073,-131.99360127974492,81.29524428355116,77.913842727678,88.05804739529748,20.0,59.37499999999996,75.78947368421056,3.1802120141342707,8.75232774674115,57.77777777777779,-0.02066426531981269,0.11851920586270803,5.673676045157688,5.712271382769229
20190215,5.72,5.85,5.84,5.72,0.00729577,5.84,4.21012096,-2.0547945205,5.779911449635236,5.763081536476825,5.698974676307403,5.676444749957856,5.779198926068812,5.693235491340279,5.6815305704145285,5.697526360395864,5.676377686760168,5.699341133590476,5.686240412831978,5.731762563199528,5.67753011764767,5.693719849719494,5.6809682625598885,5.953308793124293,5.903715440095514,5.8478560211771,5.864531445211078,5.851397310436686,5.606514106146179,5.5598096863035416,5.50720421411824,5.522908254227909,5.510539214683091,5.81,-1.4812263176024703,-1.7317207256734395,-69.13092550790046,71.80689241544918,75.87819262360173,63.6642919991441,38.46153846153849,41.86046511627903,66.01941747572818,-1.0380622837370328,6.915887850467292,57.4585635359116,-0.009260821938919772,0.09122754704714335,5.677107449220081,5.713460400804733
20190218,5.87,5.88,5.75,5.74,0.01012287,5.72,5.89129152,2.6223776224,5.809940966423491,5.789811152357619,5.721778052799749,5.694040681779868,5.8245994630344065,5.715331054922744,5.693689888452301,5.705025214291696,5.69127171085554,5.706033638155555,5.691076191441663,5.756896642617796,5.695860582633606,5.702318881440494,5.685635712867052,5.984239195416196,5.92960354189633,5.8667364001126145,5.873388447883709,5.856204784253063,5.635642737430786,5.5841897433392615,5.524984765154597,5.531249314997279,5.515066641481041,5.75,0.8937779305603385,1.0814161730266219,-78.49275362318933,73.45265695913669,75.06968073544672,70.21860940651663,15.384615384615344,55.3571428571429,66.98113207547172,1.381692573402419,8.90538033395177,60.30927835051547,0.0018208683989949389,0.0886535227033177,5.69139578631489,5.737543416065543
20190219,6.34,6.46,5.85,5.83,0.0326104,5.87,20.42004864,8.0068143101,5.986627310948994,5.927358364268215,5.804207645759783,5.752764256163516,6.082299731517203,5.7934146730574,5.735387315003766,5.732632813670318,5.741173886943576,5.730895064110239,5.708153133772146,5.862915434869106,5.757207193811358,5.733425277467787,5.701792855759224,6.166226130277464,6.038802897915179,5.929923409625699,5.905428035791821,5.872846641432001,5.807028491620524,5.687027971823033,5.584490977997017,5.561422519143753,5.5307390700864465,5.91,6.805929919137466,9.216192937123207,-178.40144116810535,77.65060851539346,75.92998999542897,81.09184555532244,10.619469026548684,80.41237113402059,80.27210884353741,9.122203098106718,15.063520871143377,70.99567099567099,0.01961439501499479,0.14234821292799882,5.739440542884157,5.8302290443631515
20190220,6.25,6.33,6.21,6.16,0.01580071,6.34,9.84826048,-1.4195583596,6.0744182072993285,6.008018773201161,5.863646626325146,5.7979675056031965,6.166149865758602,5.8504878389252255,5.76858813339062,5.755127039162914,5.7803143571786855,5.751252120419642,5.722412261830773,5.933294446711087,5.804139842019801,5.758624044420578,5.715328834629366,6.256650753518309,6.111293280112419,5.978264037280395,5.931382765753195,5.886788699668247,5.892185661080348,5.755295613309754,5.630015646759206,5.58586532308796,5.543868969590485,5.84,4.097268487674891,7.818106541540207,-139.95242203225874,76.00949658601988,75.9564921922926,76.11550537347443,19.44444444444444,68.88888888888887,70.99236641221374,8.695652173913043,14.678899082568803,66.8122270742358,0.03920140190288195,0.15669605510309728,5.777259761929775,5.894809191384206
20190221,6.24,6.43,6.28,6.18,0.01745863,6.25,11.05556736,-0.16,6.129612138199552,6.066014079900871,5.91382707614846,5.838152277821087,6.203074932879301,5.899176859059573,5.799001802204128,5.776208472242787,5.815674791241863,5.770418703932599,5.736032991782595,5.9890590927636165,5.84565033325601,5.782105798351282,5.728283678218764,6.313500502345539,6.168730865546525,6.021019843253691,5.95556897230182,5.900132188565327,5.945723774053565,5.809387319980708,5.67028082325833,5.608642624400743,5.556435167872201,5.72,2.564102564102559,7.7720207253886535,-120.62868369351696,74.48252153353707,75.4651686393741,72.517227321863,21.359223300970847,73.80952380952384,72.65625000000001,5.583756345177666,9.473684210526317,68.91891891891892,0.05863685212853479,0.15548360180522275,5.8115368166016435,5.94791546963279
20190222,6.6,6.77,6.29,6.16,0.01908806,6.24,12.27469184,5.7692307692,6.286408092133034,6.199510559925653,6.005316799328666,5.907411161655534,6.401537466439651,5.986779751677126,5.850679105287732,5.8120254951887524,5.876007499607874,5.802951303778379,5.758768965683053,6.100139257715686,5.9174931586602,5.822003076480487,5.7498075380158316,6.475000334897025,6.2831434354471565,6.095017953420006,5.996663168774902,5.922301764156306,6.097815849369043,5.917135079984215,5.7399683639003936,5.647342984186072,5.577313311875357,5.87,5.431309904153338,13.922739669278862,-139.4165264085918,77.59152229219931,76.17395319031584,80.42666049596625,12.781954887218047,90.74074074074076,76.97368421052632,13.013698630136982,16.607773851590096,71.72131147540985,0.08256841565462525,0.19145250820872373,5.869941496853373,6.0482361666123605
20190225,7.26,7.26,6.8,6.7,0.02890608,6.6,20.5652992,10.0,6.61093872808869,6.46463291994424,6.17260789275151,6.030373783323213,6.830768733219825,6.145932282717485,5.941603033978846,5.874980908441415,5.9824684611764996,5.8600904683360895,5.798275045533499,6.311023029040106,6.045350953073514,5.892149267871684,5.787096240780873,6.809266889931351,6.500353719911309,6.22671148166572,6.068913745907834,5.960709128004299,6.412610566246029,6.121692338168903,5.863990424481309,5.715384789835533,5.613483353557446,6.34,11.043132456408696,24.96557422197746,-202.67321867321863,85.06101486146622,79.13630708069931,96.91043042300004,0.0,93.7106918238994,83.8709677419355,26.923076923076927,25.605536332179923,79.27631578947368,0.1184052481969334,0.2866946603384653,5.972908793382754,6.23466137174892
20190226,7.6,7.99,7.6,7.4,0.03782966,7.26,29.25854976,4.6831955923,6.940625818725793,6.748474689958179,6.362926840384643,6.173067075748375,7.2153843666099124,6.3276907473778,6.048596386625372,5.949981738509179,6.106893964162922,5.92832221467585,5.8456888601247226,6.545382478305541,6.193412767066512,5.975459059682821,5.83185929656406,7.148844593287567,6.741743952654708,6.379215150078507,6.154722831473306,6.006815075460982,6.7324070441640185,6.349021003956374,6.007610384054517,5.796195287892337,5.656903517667138,6.25,11.929307805596444,30.270826191292443,-225.81108460926868,84.31380432761478,80.8621394963378,91.21713399016872,16.317991631799185,93.15068493150687,85.94377510040162,29.471890971039173,31.260794473229698,81.8452380952381,0.1649800786487346,0.37259864361440964,6.093434067946993,6.444713468402933
20190227,8.36,8.36,7.54,7.49,0.03672095,7.6,29.81438208,10.0,7.413750545817194,7.151356017468634,6.6292032616666905,6.37187915977125,7.787692183304956,6.581729403955575,6.197719200391477,6.054765141182694,6.280209813073467,6.023682127825817,5.91185494275302,6.875312936795442,6.399754408298272,6.091778129942195,5.894282523809393,7.63616306219171,7.081572324899305,6.5917470405472205,6.274531473840462,6.0711109995236745,7.1913380294426785,6.669053548691579,6.207761776049324,5.909024786043929,5.717454048095111,6.24,15.91791458679976,42.25912942858115,-211.01474414570674,89.54253621840985,83.75560507036181,101.11639851450593,0.0,99.53051643192488,90.9090909090909,31.861198738170344,43.88984509466437,85.01228501228502,0.22759308174115192,0.5009040247393386,6.26132784069166,6.739372934802481
20190228,7.96,8.45,8.45,7.8,0.02765577,8.36,22.3321856,-4.7846889952,7.5958336972114635,7.3535170131014755,6.806642826777799,6.516253781610228,7.873846091652478,6.754013228461128,6.311414735850091,6.137601439392142,6.409424442837046,6.099616162028727,5.965753496891098,7.072528766468998,6.54834922655558,6.182910904091356,5.945287893591877,7.823708708127808,7.284704629463068,6.744799703352247,6.368398231214097,6.1236465303996335,7.367958686295119,6.8603529034749275,6.351898749758912,5.9974235769686155,5.766929256784121,6.6,5.346744309158283,34.705205442361084,-162.71824506777153,87.0012972083372,84.83750244968695,91.32888672563774,17.75362318840578,84.12698412698414,79.88338192419826,27.36,38.43478260869565,77.92792792792793,0.2900757265960826,0.49986115883944593,6.387155408047833,6.927161714063638
20190301,8.76,8.76,7.85,7.8,0.02900731,7.96,24.14235392,10.0502512563,7.983889131474309,7.705137759826107,7.067090449874092,6.720230710554754,8.31692304582624,7.004761574903487,6.469387978698473,6.251618768114223,6.590237947234196,6.203944939988384,6.03928629960449,7.379341718020089,6.7589826335502865,6.308622567306412,6.014786957947633,8.223405805418539,7.600721969560691,6.961752112556796,6.497881244325605,6.195230566686062,7.74437245753008,7.157961466479486,6.556213154543777,6.11936389028722,5.834343349209204,7.26,9.664496745117681,47.02426907455272,-155.06402443611856,91.33419813889148,87.0030676794218,99.99645905783086,0.0,86.4864864864865,85.09615384615385,40.38461538461537,48.2233502538071,83.04093567251462,0.36130361344857825,0.5698230948199653,6.562921674118364,7.209136834976925
20190304,9.64,9.64,9.3,9.04,0.02212616,8.76,21.05869312,10.0456621005,8.53592608764954,8.18885331986958,7.410145056557547,6.985664282322503,8.97846152291312,7.3341663780405515,6.673943592975991,6.398939691239691,6.824835028216181,6.3386921972437404,6.134041923299109,7.790370496561891,7.03336523987883,6.4711287835353675,6.104298391084728,8.792003870279027,8.02408161145875,7.244366197075196,6.665262647041429,6.28742734281727,8.279848305020055,7.5566593816650345,6.822364282682465,6.276994920029306,5.9211694393521865,7.6,13.894139886578452,60.03718706421412,-180.7840521713353,94.222798759261,89.40964470603487,103.84910686571328,0.0,87.42138364779876,89.83739837398376,46.06060606060608,65.06849315068494,85.80968280467447,0.44749536705497556,0.6895340288511779,6.790853401961448,7.583115783442013
20190305,10.6,10.6,10.0,9.86,0.0362915,9.64,37.68370176,9.9585062241,9.223950725099693,8.791639989902185,7.83545904901654,7.31424025665682,9.78923076145656,7.742395580785483,6.9272375547194756,6.581594487272747,7.115232333738012,6.50580230715575,6.251567135843869,8.30121222445973,7.373044740842751,6.6725371355580325,6.215303369082636,9.500669246852684,8.550248591193522,7.594236083068034,6.872713249624773,6.4017624701551155,8.9472322033467,8.052175857725938,7.151853398617468,6.472361021491292,6.028844268010157,8.36,16.946160635481018,73.46905377540666,-183.68681109844164,96.148532506174,91.65594063941458,105.13371623969289,0.0,89.47368421052633,91.27399650959862,46.005509641873275,85.3146853146853,87.69898697539799,0.5528441751509933,0.8427904647681419,7.073012409223562,8.047251816758626
20190306,11.66,11.66,11.05,11.05,0.01671922,10.6,19.210496,10.0,10.035967150066462,9.508729992426638,8.345397842481,7.709309324233472,10.724615380728281,8.232096133187298,7.2325770673182195,6.802394726956541,7.464829846527395,6.707927706875132,6.393894316479557,8.911900910921599,7.781326194095822,6.915828006994226,6.349740322932448,10.337046164568456,9.179257938249247,8.014765979918696,7.1233028472040525,6.540232532620421,9.734888135564468,8.64454388359395,7.547886408272947,6.708353166784399,6.159248113244474,7.96,19.90950226244344,87.48392076151275,-183.77164187116253,97.432355004116,93.58141209431506,105.1342408237179,0.0,90.24390243902441,92.08860759493672,53.42105263157896,98.63713798977854,89.17197452229301,0.680329332473874,1.019881258583046,7.412789267799594,8.603059229564991
20190307,12.83,12.83,12.83,12.83,0.00139824,11.66,1.79394544,10.0343053173,10.96731143337764,10.339047494319978,8.943344796816866,8.174826658394066,11.77730769036414,8.806834116538885,7.593701127491237,7.064464521436691,7.8775352429483645,6.948008973272186,6.563265518677463,9.624282563481309,8.2621522708486,7.2043242017749956,6.509746734711893,11.29633077637897,9.913011040385749,8.510016838974058,7.4204539278282455,6.70503913675325,10.63829209037631,9.335554086576868,8.014287702723143,6.988194475721746,6.314454332670536,8.76,19.92895868386616,101.93911921176067,-182.86764583020027,98.28823666941068,95.15035361934693,104.56400276953815,0.0,100.0,94.45945945945947,53.468899521531114,102.3659305993691,91.18303571428572,0.8321222005351869,1.2143429444905034,7.814064136851476,9.253357809631915
20190308,11.55,12.89,11.55,11.55,0.04369927,12.83,51.55695616,-9.9766173032,11.161540955585094,10.641785620739984,9.29089882390795,8.48166059854006,11.66365384518207,9.149729851971525,7.84894621604019,7.259487803113358,8.160032531952336,7.128479209614454,6.694495373449109,9.974413006484706,8.575280626005876,7.416308387054264,6.634197432620241,11.496387184252647,10.273645396679248,8.832539044786053,7.638797638665892,6.833223355598848,10.826694726917541,9.675180616290165,8.318022207225699,7.193819135442636,6.435171509641634,9.64,2.611940298507467,78.7095775955439,-116.95817624778171,90.72281958895746,93.67450894255045,84.8194408817715,18.980169971671383,76.0747663551402,80.62283737024222,45.10050251256283,84.80000000000001,79.27927927927928,0.9688752105614535,1.0940240802101324,8.09080012671433,9.60668737738085
20190311,10.41,10.89,10.5,10.4,0.03475473,11.55,36.31508992,-9.8701298701,10.911027303723396,10.583839215554988,9.440112314053556,8.656964180490963,11.036826922591036,9.307263620475084,8.014175492424693,7.396466594282342,8.333106952571386,7.257166299433496,6.792271810989923,10.053610641669307,8.750015804481507,7.5623421242711295,6.727427125641964,11.238358122835098,10.355218960919386,9.012516278615951,7.789212387999264,6.929249939411223,10.583696484611693,9.752002322419228,8.487515330347062,7.335471860542995,6.525604311872705,10.6,-8.76424189307625,58.90218585907922,-54.360493827160525,78.50657108399633,88.61852965636574,58.28265393925753,36.84992570579495,56.86274509803921,70.15873015873017,18.83561643835617,66.82692307692307,71.41568981064022,1.0686364134064024,0.7980896227595902,8.262592709920675,9.730273934706872
20190312,10.65,11.05,10.5,10.4,0.03218271,10.41,34.377856,2.3054755043,10.824018202482264,10.60037941166624,9.601430672179749,8.838149254991784,10.843413461295519,9.475105667915699,8.184228686461811,7.537924568443979,8.51132949468128,7.390218601416495,6.893790973858608,10.162045070456706,8.930966680245174,7.712959581623758,6.824280776860681,11.148738748556733,10.466906422570407,9.198895680652528,7.944348369072471,7.029009200166501,10.499297656407796,9.857183718343006,8.663037679837819,7.4815707941750444,6.61955235355486,11.66,-6.742556917688263,60.24676497141134,-46.576245874789855,71.00176120727457,82.74627350666869,47.512736608486335,33.28380386329866,50.511247443762784,68.77076411960134,10.477178423236513,61.363636363636374,71.72167707404104,1.141375642339778,0.5819138314670051,8.439437694370996,9.871770252444277
20190313,10.09,10.85,10.85,9.86,0.02572934,10.65,26.23057408,-5.2582159624,10.57934546832151,10.47278455874968,9.666573249222449,8.95195386817435,10.46670673064776,9.551967459426237,8.307181674432016,7.648884369815981,8.632765687398106,7.496092381753104,6.977901737704435,10.148945966737307,9.04135080593611,7.8289127727640615,6.9049158194073295,10.896725832371155,10.453414345739427,9.312591330114193,8.063780155946983,7.112063293989549,10.261965104271864,9.844477587735186,8.770110281758027,7.594045389581139,6.69776834482511,12.83,-9.14820817576085,49.93907332005823,-23.33257798927409,62.331233077279315,75.94126003020557,35.11117917142681,41.60475482912334,32.11845102505695,63.45945945945945,-4.811320754716979,38.980716253443525,68.28231292517007,1.1818290120515242,0.32362695769396854,8.561701568862034,9.905344059760543
20190314,9.61,10.13,9.75,9.33,0.02152266,10.09,20.93448064,-4.757185332,10.25623031221434,10.25708841906226,9.659030149326123,9.011776243794863,10.038353365323879,9.559221526997957,8.391234469629952,7.734150266780504,8.707937557598251,7.578990719723571,7.047167481449055,10.050955790966887,9.095507872037434,7.915795076531669,6.971708021397272,10.56391722158077,10.352484464695893,9.368373108198558,8.15326892882762,7.18085926203919,9.94854340284791,9.74942711723788,8.82264263587631,7.678321224235719,6.762556780755354,11.55,-8.14375836360161,41.19479298286852,2.2175861536084644,46.48922031991781,66.12391346010965,7.219834039534135,52.98869143780293,6.486486486486491,56.96767001114827,-17.581475128644946,26.44736842105263,65.54828150572833,1.1895738511618574,0.06195871288266597,8.639353304501883,9.859906512105074
20190315,9.55,9.88,9.84,9.38,0.01730977,9.61,16.66728832,-0.6243496358,10.020820208142894,10.080316314296695,9.64449279608264,9.060705676177149,9.79417668266194,9.558068836123212,8.465993536105438,7.813100255181353,8.772711591629156,7.656285201303039,7.113031495095133,9.959872919881997,9.138792836605298,7.995512389871588,7.035369551733142,10.321444814387181,10.258669107478458,9.412956621703456,8.235377761567737,7.246430638285137,9.720195601898606,9.661076732285537,8.864629051507139,7.75564701817544,6.824308465181147,10.41,-5.0884516000795115,38.71539377741624,11.447161260579414,33.05273864024484,55.10018852015471,-11.0421611195749,60.83788706739526,9.677419354838717,59.21205098493628,-25.565081839438808,14.234449760765566,65.54828150572833,1.1727430753067483,-0.1346462068408738,8.70680861527952,9.812228587165832
20190318,10.06,10.14,9.54,9.22,0.02283984,9.55,22.2472192,5.3403141361,10.03388013876193,10.075237235722522,9.699893756604954,9.1515506147065,9.92708834133097,9.62081023160781,8.568832662808312,7.910791548434338,8.871733776888451,7.7505485267421355,7.190583297855788,9.978077843539817,9.226526852166698,8.096219102560779,7.110051785023682,10.334896542924788,10.277420178846011,9.5033226577317,8.339105675637603,7.3233533385743925,9.732863734599071,9.678735508233622,8.949731046601697,7.853332529483955,6.896750231472971,10.65,0.6805444355484348,44.20044722206297,10.412343955958743,29.66458688641209,46.6216546422405,-4.249548625244728,52.407407407407405,40.54054054054055,57.7937649880096,-12.9004329004329,26.3819095477387,66.50755767700875,1.146854910628537,-0.20710531742568916,8.807045014147704,9.850347266063396
20190319,10.1,10.5,9.9,9.86,0.02149551,10.06,21.97065984,0.3976143141,10.055920092507954,10.081427926791891,9.753241255724294,9.237773286096818,10.013544170665485,9.680708952656834,8.66761765230455,8.005974524589366,8.966215794050878,7.8426838786346,7.267146895280637,10.00024550835076,9.309714771007965,8.193964512191961,7.18387766687495,10.357597695283193,10.300252873601284,9.589006214138204,8.439783447557721,7.399393996881199,9.754242489732714,9.700238143100236,9.030423327877726,7.948145576826202,6.968361336868701,10.09,2.2060311677797833,42.84097980426542,3.4412739125787764,27.76912513590051,40.33747814012717,2.632419127447193,54.81335952848724,33.3333333333333,53.06666666666666,-2.9779058597502446,15.296803652968036,66.98564593301435,1.1146711127893392,-0.25747038271358313,8.90281945754417,9.888755378976718
20190320,10.14,10.25,10.16,9.7,0.01609664,10.1,16.10483712,0.396039604,10.083946728338637,10.096070945093919,9.804809088294387,9.319793896451653,10.076772085332742,9.73812033357473,8.76261006183329,8.098758240911568,9.056506886816196,7.932774706923439,7.342748292773251,10.02565541592335,9.388789554721493,8.28889307257284,7.256868341766926,10.386465130188796,10.32642507840105,9.670453241363138,8.537559864750026,7.4745743920199335,9.781428326488477,9.72488575344565,9.107125868079848,8.040226280395654,7.039162291513918,9.61,2.5070764253942692,41.462053571428555,14.998128504511616,26.86879005426973,35.847915444841355,8.910539273126474,54.02750491159135,52.21238938053101,46.50455927051673,-4.788732394366195,5.186721991701244,67.73675762439808,1.078326077612799,-0.29076028141232246,8.994462460689046,9.927408397595684
20190321,10.19,10.42,10.05,10.0,0.01975406,10.14,20.18508416,0.4930966469,10.119297818892425,10.119553208820438,9.856167876521802,9.398903542228776,10.13338604266637,9.79460529187789,8.8546997352634,8.189681795654543,9.143698664753412,8.021293345867619,7.417675969279219,10.055536249391832,9.465095311414684,8.38162999586197,7.329291345673915,10.422876753459198,10.357202336873588,9.749048170757124,8.63307889573783,7.549170086044133,9.815718884325653,9.753870161910076,9.181142452072244,8.130181095986112,7.109412605303697,9.55,1.818545163868909,40.28083700440526,14.321647350495333,35.58101486313791,35.75894858427354,35.22514742086665,70.12987012987013,91.42857142857159,36.80430879712746,0.9910802775024742,-3.867924528301888,67.47572815533981,1.039618123834956,-0.3096636302227447,9.083020796934303,9.967807105657887
20190322,9.99,10.15,10.0,9.81,0.01298603,10.19,12.92764672,-1.9627085378,10.076198545928284,10.087164906615328,9.874012159652228,9.452639583844343,10.061693021333184,9.819029630393153,8.927944913633503,8.267956500191303,9.208798767464687,8.098497528382614,7.485368706929765,10.043620567684227,9.515086234137094,8.460087069234557,7.394987855657276,10.378484502306133,10.344929184714754,9.800538821161206,8.713889681311594,7.6168374913269945,9.773912589550434,9.7423119506537,9.229633647112982,8.20628445715752,7.173138219987558,10.06,-1.0499207606973047,35.90357512107526,31.37054007646268,37.74617748617208,36.42135821823972,40.3958160220368,79.0190735694823,76.19047619047622,19.13043478260868,3.9542143600416315,-14.322469982847341,65.09511993382961,0.9958978901658245,-0.349761869353052,9.150204441605835,9.971221397095134
20190325,9.44,9.78,9.6,9.41,0.01387488,9.99,13.28579328,-5.5055055055,9.864132363952189,9.925373679961496,9.816143871698596,9.451490530767584,9.750846510666591,9.77165092659401,8.960980725657148,8.318914913226465,9.226583477659712,8.151105468446042,7.536806372536876,9.933871373559823,9.507935164219274,8.507887700003604,7.445481982678085,10.160056334870754,10.231887514766617,9.793173219145853,8.763124331003713,7.6688464421584275,9.568208393033624,9.635855232353029,9.222697109292696,8.252651069003495,7.222117523197742,10.1,-5.334937825912556,27.079855688977432,69.38520545206953,29.663095829227174,34.16860408856887,20.652079310543783,94.0054495912807,14.772727272727176,22.739018087855275,-1.1518324607329968,-26.422447388932195,62.70916334661355,0.9402831619419807,-0.4449178257907498,9.17167077926466,9.889495028311266
20190326,9.16,9.55,9.46,9.07,0.01058377,9.44,9.7878016,-2.9661016949,9.629421575968125,9.73403025997112,9.728658022138783,9.424991391606895,9.455423255333296,9.695194560769758,8.973820678840559,8.355483830042704,9.221461671685889,8.19066995987953,7.5795219943122225,9.793167487458037,9.474798481912677,8.53969805610099,7.487815760883565,9.91830422324717,10.086962512081778,9.759042436370057,8.79588899778402,7.712450233710072,9.340538928689082,9.499372462834296,9.190554527455296,8.28350711441796,7.2631812880570585,10.14,-6.377759607522491,22.091008450403844,127.33578007623322,21.87329931738688,30.070169164841538,5.4795596224775664,97.64397905759162,8.035714285714278,29.235880398671082,-8.946322067594437,-20.692640692640694,61.38845553822153,0.8735182789253401,-0.5341190641331253,9.170806277096908,9.777265023955685
20190327,9.27,9.33,9.26,9.11,0.00758954,9.16,7.00624128,1.2008733624,9.50961438397875,9.61802269497834,9.667503619186943,9.410901265097177,9.362711627666648,9.642045240673538,8.992929022141167,8.395245402649545,9.225195389248514,8.23299662811955,7.624008257619796,9.69804612610203,9.45529386458766,8.575322541169236,7.531820309997551,9.794902815498112,9.98898750988509,9.738952680525289,8.832582217404314,7.757774919297478,9.224325952459388,9.40710474231897,9.17163504865003,8.318062864934157,7.305865700697624,10.19,-3.537981269510925,22.3181062465363,331.39550531557126,19.244204206929233,26.461514178870768,4.809584263046162,94.76439790575918,13.445378151260392,26.04166666666663,-8.217821782178218,-10.951008645533147,60.62052505966587,0.8030286812931742,-0.5639167810573262,9.178153960274914,9.699224251039425
20190328,8.99,9.18,9.18,8.95,0.00804489,9.27,7.2940672,-3.0204962244,9.336409589319167,9.461017021233754,9.577169803295352,9.372637513724706,9.176355813833325,9.560539585589344,8.99274005297077,8.421104298186522,9.207103436229398,8.26268303485996,7.659955408735065,9.569310466810752,9.410980163198358,8.595550709892688,7.567824746787735,9.616501876998743,9.856389780815075,9.693309568094309,8.85341723118947,7.794859489191367,9.056317301639591,9.282231152806428,9.128650758302408,8.337684188595906,7.340790004384102,9.99,-4.055496264674501,17.50098026401778,-416.75708257986645,13.689684525049614,22.20423762759705,-3.3394216800452554,98.09523809523806,7.746478873239407,28.846153846153822,-11.34122287968442,-15.586854460093896,57.09598031173093,0.7276021846182218,-0.6034119733996193,9.164216629884178,9.59011282780259
20190329,9.59,9.75,8.99,8.99,0.01678488,8.99,15.80416256,6.6740823137,9.420939726212778,9.493262765925316,9.578880496189305,9.392397739749732,9.383177906916663,9.564222137390678,9.031272952779107,8.471925850439282,9.236557018057907,8.314734680551727,7.710746055873615,9.573072200117888,9.428029671465183,8.644060431361337,7.617754999953469,9.70356791799916,9.860264366121426,9.710870561609138,8.903382244302177,7.846287649952074,9.138311534426395,9.285880034114351,9.145188781321227,8.384738618420498,7.389222349954864,9.44,3.2292787944025716,24.01075880618631,-82.93452974410133,22.889897210248137,22.432790821814077,23.804109987116256,69.52380952380952,39.01098901098899,49.63235294117648,-5.888125613346415,-4.955401387512389,57.99196787148595,0.660949613874071,-0.5332205659532059,9.195756138781647,9.590095469679115
20190401,9.83,9.99,9.59,9.49,0.01627662,9.59,15.8643072,2.5026068822,9.557293150808519,9.577447074443986,9.612363096697399,9.432179763408847,9.606588953458331,9.597444370216843,9.082803730019165,8.530972552594097,9.282206478207298,8.374156849941855,7.76651589650852,9.619786345550999,9.46631255989707,8.701911142026638,7.67237833328795,9.844011945332776,9.908379935917528,9.750301936693981,8.962968476287438,7.902549683286589,9.270574356284262,9.33119275518447,9.182323183100157,8.440853807765839,7.442206983289312,9.16,4.931682322801022,25.674397197576,9.577233547681292,35.21457999957586,26.693387214401337,52.25696556992491,53.68421052631576,62.91390728476824,54.82758620689655,-1.601601601601603,2.2892819979188412,56.16093880972339,0.6056130297833948,-0.4426926727254097,9.24273716553856,9.62700385895925
20190402,10.3,10.76,9.83,9.66,0.02459042,9.83,24.96843008,4.7812817904,9.804862100539014,9.758085305832989,9.704048017137746,9.51107251218986,9.953294476729166,9.685263823939737,9.161332521630833,8.607886789437833,9.360498287575966,8.44968011072845,7.833186530810928,9.743461555450818,9.545711363716396,8.77986669607412,7.737257880614174,10.099007963555184,10.035765402114343,9.832082704627888,9.043262696956344,7.9693756170326,9.510716237522843,9.451157708787292,9.259340022804905,8.516470695191895,7.505140144195749,9.27,7.336390162567744,30.099785272199046,90.30938079997657,48.3382651194226,33.90834651607509,77.19810232611762,25.414364640883917,83.52941176470591,54.1958041958042,9.110169491525436,7.853403141361256,59.750000000000014,0.566388182978206,-0.3137987744415107,9.321052931054222,9.730541726811673
20190403,10.11,10.23,10.01,9.94,0.01441713,10.3,14.51532544,-1.8446601942,9.906574733692675,9.84606397937474,9.758174948186047,9.565520465627147,10.031647238364583,9.73835584594727,9.222536875074004,8.673196059462276,9.418152265454738,8.514790694621452,7.893102674736956,9.810104909005215,9.599453138600548,8.844751247485139,7.7958441057841945,10.203771975703456,10.104408056275371,9.887436732758566,9.110093784909694,8.029719428957721,9.609377491681895,9.515801761735059,9.31146954444253,8.579408710060584,7.561968782610668,8.99,3.543629659975421,26.22353176188572,65.17195515865464,53.58830934296682,40.468334125039,79.82825977882244,35.91160220994476,73.59550561797751,50.16611295681063,10.371179039301301,0.49701789264412455,55.92625109745391,0.5349958399839577,-0.2511387439539863,9.379493454679835,9.7889199226868
20190404,10.03,10.35,10.12,10.0,0.01181333,10.11,11.9618112,-0.7912957468,9.947716489128451,9.892047984531056,9.794418288427908,9.607745877842861,10.030823619182291,9.774811365203862,9.27463127023052,8.732187535137829,9.465217475804375,8.574210667381394,7.949336814875457,9.85008583464063,9.640457601590972,8.902568259802937,7.8510084488512515,10.246147983802306,10.14558840967985,9.929671329638701,9.169645307597026,8.086538702316789,9.649284994454597,9.554583259601412,9.351243873543243,8.635491212008848,7.615478195385713,9.59,0.5816285599679085,23.811875077150948,74.55788296956032,55.61504232440881,45.51723685816227,75.81065325690189,40.3314917127072,82.91139240506322,48.196721311475386,8.198489751887807,-0.6930693069306959,51.841359773371096,0.5076626801165296,-0.218665278939425,9.427679124703552,9.826009165350369
20190408,9.72,10.14,10.0,9.58,0.01254256,10.03,12.34283776,-3.0907278166,9.871810992752302,9.849035988398292,9.784495849970854,9.617950798038963,9.875411809591146,9.767959944553379,9.30336473666726,8.775135903175315,9.484816131511732,8.619143582386044,7.9959332144839985,9.826433864705969,9.648033068106118,8.94244297883694,7.897156388385789,10.16796532253487,10.121226880647148,9.937474060149302,9.210716268202049,8.134071080037364,9.575656662969733,9.53164084876479,9.358592076062934,8.674169689471832,7.660241696734215,9.83,-2.780556111222249,18.750916287934302,7.475526549985027,51.257173704302026,47.43054914020885,58.910422832488365,57.458563535911544,55.038759689922514,42.90030211480364,8.12013348164628,-4.142011834319526,45.57344064386319,0.47820365211624677,-0.23567222400226273,9.449332522873659,9.809700062988775
20190409,9.74,9.88,9.67,9.53,0.00703396,9.72,6.81899072,0.2057613169,9.827873995168202,9.82177699129872,9.77856306997474,9.62904618003542,9.807705904795572,9.764464951484205,9.33153475365647,8.817086516080737,9.504445659856982,8.663098736017965,8.041829708839682,9.81071861657761,9.656791823524582,8.981348199381479,7.942658699783671,10.122710215023249,10.105040175074938,9.94649557823032,9.250788645362924,8.180938460777181,9.533037775313156,9.516397058080281,9.367088068818845,8.711907753400034,7.7043789387901604,10.3,-2.404809619238479,17.76939446701487,-7.85870371484128,48.72025208279437,47.86045012107069,50.439856006241726,56.35359116022095,45.79439252336449,46.00638977635783,1.5641293013555824,-4.416094210009807,39.21348314606741,0.44818562754697294,-0.24014419655419028,9.47086344710524,9.798976976375117
20190410,9.58,9.72,9.66,9.52,0.00634961,9.74,6.0841664,-1.6427104723,9.745249330112136,9.76133274347404,9.752087993978108,9.624587436395835,9.693852952397787,9.74140683254868,9.347564769549601,8.850256667555488,9.510257532175675,8.699055648330987,8.082307874396532,9.768769777199863,9.64947831652224,9.010550726240918,7.983086880035925,10.0376068100155,10.06183287051586,9.938962666017908,9.280867248028146,8.222579486437002,9.452891850208772,9.475706683883866,9.359993967026572,8.74023420445369,7.743594273634847,10.11,-2.602684017893455,14.667368874631922,-28.367886699086856,44.08237799994764,46.60109274736301,39.04494850511688,65.19337016574582,2.6315789473683657,52.554744525547456,-2.5432349949135302,-4.104104104104105,29.404309252217992,0.4158166169516564,-0.25895208476253195,9.478947636208554,9.765288210778944
20190411,9.45,9.7,9.61,9.4,0.00554869,9.58,5.29713056,-1.356993737,9.646832886741423,9.68349955760553,9.711809594781027,9.608715851268942,9.571926476198893,9.704980978480096,9.354173494094788,8.876332464618292,9.505622337392932,8.728504446435654,8.118299772438728,9.710811635890797,9.63048038161536,9.031987276180386,8.019306957072075,9.936237873343666,10.002135984967522,9.919394793063821,9.302946894465798,8.259886165784238,9.35742790013918,9.419487286814073,9.341565970166899,8.761027657894974,7.778727748359913,10.03,-2.6174773289365167,12.011947941113705,-40.25777777777812,38.051152188288995,43.75111256100501,26.651231442856968,72.37569060773481,2.857142857142799,55.59845559845559,-8.252427184466033,0.10593220338982826,34.42136498516319,0.38064908662888397,-0.28134024258217916,9.476803366859773,9.716782332197567
20190412,9.55,9.59,9.46,9.4,0.00411598,9.45,3.91673248,1.0582010582,9.614555257827616,9.650124668204146,9.690234982143556,9.603378046608128,9.560963238099447,9.685608356170084,9.366807462217706,8.905622357460976,9.509036003747322,8.760719958340138,8.155976094216657,9.681573156637926,9.622815583366279,9.05725618953744,8.057101847020913,9.902991915562446,9.972020351337063,9.911500050867268,9.328973875223564,8.298814902431541,9.326118600092787,9.391125961938789,9.33413111586529,8.785538503851317,7.815388791610285,9.72,-0.6036636136552671,12.091833141623027,-36.88503825302714,29.04390538042797,38.84871016747933,9.434295806325238,66.8508287292817,16.666666666666792,55.42635658914731,-5.539070227497515,4.257641921397386,42.4561403508772,0.34629890373800826,-0.2748014631270058,9.482225339684975,9.69112351185948
20190415,9.57,9.94,9.68,9.55,0.00922696,9.55,9.02144064,0.2094240838,9.599703505218411,9.630093501153109,9.674203651191082,9.600343678734662,9.565481619049724,9.671157311648823,9.37991665820366,8.934508341919194,9.513725541920605,8.792456430562094,8.193187249632008,9.661287128158303,9.617785527807584,9.082268082730735,8.094457356971015,9.887694610374963,9.951125742003052,9.906319093641812,9.354736125212657,8.337291077680145,9.31171240006186,9.371448514313554,9.329251961973355,8.809800040248813,7.851623636261884,9.74,-0.08352474420546167,11.266131845134279,17.061821404829818,23.529270253618648,33.74223019619244,3.1033503684710695,65.74585635359111,32.55813953488374,62.499999999999986,-4.586241276171476,3.236245954692565,40.145985401459846,0.31379151479932355,-0.2600591115094777,9.488727166374977,9.672489125419562
20190416,9.72,9.78,9.4,9.21,0.00857067,9.57,8.1912896,1.5673981191,9.639802336812274,9.652570125864832,9.680309831032272,9.611221526122419,9.642740809524863,9.67726264769272,9.401857518964714,8.968660153140098,9.529592807926711,8.828830688187109,8.23336653253643,9.671962195765884,9.627520239444957,9.11337695674387,8.134594212354447,9.928996406916642,9.962121061638861,9.916345846628305,9.386778265446187,8.37863203872508,9.350608266707905,9.381803329892907,9.338694632261609,8.839975648041554,7.890556385983813,9.58,1.524963442657186,11.899060600478908,-78.87855506132861,30.598460870833495,32.69430708773946,26.40676843702157,57.458563535911544,48.21428571428576,53.47593582887702,0.0,8.12013348164628,46.351084812623284,0.28582121251053694,-0.22376241831029264,9.505858487384238,9.679798490739628
20190417,9.61,9.73,9.73,9.55,0.00616614,9.72,5.9353024,-1.1316872428,9.629868224541516,9.641927594398624,9.670935186894637,9.611110478293108,9.626370404762431,9.66885481673113,9.415286066128282,8.996544494307921,9.535777976547733,8.859464778846437,8.26959372904863,9.660696341990269,9.625851645212103,9.137602471049046,8.171023984888905,9.918764271277762,9.950517232249977,9.914627194568467,9.411730545180518,8.416154704435572,9.34097217780527,9.37087545173056,9.337076095855739,8.863474396917574,7.925893265342237,9.45,0.3131524008350664,9.64561987997168,-154.82866043613532,32.09488034663751,32.49449817403881,31.29564469183491,63.53591160220995,52.94117647058816,43.678160919540225,-1.3347022587269073,0.2085505735140727,50.0,0.2597544875866588,-0.2085337993910249,9.513572673503925,9.669060261395071
20190418,9.5,9.64,9.6,9.48,0.00491339,9.61,4.69088864,-1.144640999,9.58657881636101,9.606445695798968,9.648143828642018,9.601009525721008,9.563185202381216,9.64774796463974,9.42075148121678,9.01843386412062,9.533025824505598,8.884583807126969,8.301972841442087,9.631478825264766,9.613865774239523,9.155280399290556,8.203838207484239,9.87417618085184,9.92042319002271,9.90228174746671,9.429938811269272,8.449953353708766,9.29898145187018,9.342534460506823,9.325449801012336,8.880621987311839,7.957723061259712,9.55,-0.9384775808133458,7.4490465310923595,812.2901036084216,31.79085213073322,32.25994949293695,30.852657406325775,71.18644067796612,55.10204081632658,21.014492753623216,-0.835073068893529,-3.3570701932858604,49.47368421052631,0.23390033009528727,-0.20683325993097224,9.512567290281412,9.643050990411213
20190419,9.61,9.72,9.51,9.48,0.00605634,9.5,5.83202624,1.1578947368,9.594385877574007,9.607334271849226,9.643057984823082,9.601826841564552,9.586592601190608,9.643029469059773,9.432961063073762,9.044154130897983,9.538946914928244,8.913031500965127,8.33639460877256,9.627573584307536,9.61349760526433,9.177461843227603,8.238558251743887,9.882217453901228,9.916400791836763,9.90190253342226,9.452785698524432,8.485714999296205,9.306554301246786,9.338746376778309,9.325092677106399,8.902137987930773,7.991401504191571,9.57,0.08331597583835783,7.759587351424067,314.10764872521065,39.458741603137184,34.65954686300369,49.05713108340417,74.19354838709685,55.99999999999987,30.76923076923078,1.6931216931216946,-6.699029126213604,44.82758620689654,0.21075660299968918,-0.1851498167647846,9.519784528038345,9.637966222655642
20190422,9.48,9.69,9.67,9.45,0.00524688,9.61,5.00168096,-1.3527575442,9.556257251716005,9.57550070388692,9.621316920180004,9.590751674149594,9.533296300595303,9.622650785427302,9.435995833198035,9.063103951293723,9.534412536856841,8.935265559750809,8.366489487489071,9.600742023524349,9.600783547620109,9.192219802094549,8.269211134416878,9.842944969267485,9.88876428423008,9.888807054048712,9.467986396157386,8.517287468449384,9.269569534164525,9.312719762818618,9.312760041191506,8.916453208031712,8.021134800384372,9.72,-1.085141903171945,5.429391223114382,985.6697819314535,38.63459485871246,35.98456286157328,43.93465885299082,82.58064516129033,42.622950819672134,29.62962962962966,-0.7329842931937203,-6.231454005934708,43.018018018018026,0.18797052257995825,-0.1822886433578474,9.516837525961432,9.613663726862466
20190423,9.58,9.72,9.45,9.28,0.00713775,9.48,6.77260672,1.0548523207,9.564171501144003,9.57662552791519,9.615807997489336,9.589774249226904,9.55664815029765,9.61731943724889,9.445286424604614,9.085577692541822,9.537919264790931,8.960549263289993,8.39842397466041,9.596970746519922,9.59880416213248,9.21113590930945,8.30157629159177,9.851096646178323,9.88487986891552,9.886768286996453,9.487469986588733,8.550623580339524,9.277246356109682,9.309061624124324,9.310840037268505,8.934801832030166,8.052529002844016,9.61,0.2511511092507234,5.655549673548598,-282.5442372070822,42.65137374142474,38.2068331548571,51.540454914560016,67.54385964912284,37.49999999999992,43.85964912280699,0.10449320794148158,-4.4865403788634035,43.77777777777777,0.1677701109076632,-0.16160329337836055,9.521516227742065,9.608484691960548
20190424,9.51,9.6,9.46,9.33,0.00444745,9.58,4.20911104,-0.7306889353,9.546114334096002,9.559969145936392,9.601700264490757,9.582522044751732,9.533324075148826,9.603904507592778,9.44946149398496,9.104030836344352,9.535771629037784,8.982096351004111,8.427675975327242,9.5811578835163,9.590346622881768,9.225714645440695,8.331413914021603,9.832497764118882,9.868592620021788,9.878057021568221,9.502486084803916,8.581356331442251,9.259730904073121,9.29372314701081,9.302636224195314,8.948943206077473,8.081471496600955,9.5,-0.2726510067114073,4.020826041302039,-143.12886352829545,42.13287929793611,39.515515202550105,47.3676074887081,73.68421052631585,40.38461538461538,40.336134453781504,-2.1604938271605025,-2.1604938271605025,42.47787610619469,0.1487500941370205,-0.1521601341651414,9.520663173835246,9.593333200889695
20190425,9.44,9.72,9.51,9.4,0.00890658,9.51,8.53832832,-0.7360672976,9.510742889397335,9.529976859452294,9.580140229225323,9.569565495228847,9.486662037574412,9.583416444143682,9.448851075018188,9.118638191285902,9.528404580650262,9.000053356847088,8.454316081239684,9.555492813786062,9.576027896893027,9.23616758956554,8.358786409971687,9.796065176079255,9.842157598199643,9.863308733799819,9.513252617252506,8.609550002270838,9.225420602715415,9.26882802937248,9.288747059986235,8.959082561878573,8.108022817672536,9.61,-0.8819823603527892,2.4639096928253394,-46.24342178927383,38.59086930364686,39.20729990291569,37.35800810510921,75.26881720430121,43.74999999999993,43.63636363636362,-1.7689906347554625,-3.080082135523621,43.73576309794988,0.13001114606049097,-0.14991158461223641,9.514688123921523,9.569743477675896
20190426,9.15,9.36,9.34,9.11,0.00647722,9.44,5.96481856,-3.0720338983,9.390495259598223,9.43498264458922,9.522788198661948,9.53142317748077,9.318331018787205,9.529239388625722,9.429570360500886,9.120001748186514,9.499296535984858,9.005933617362889,8.472623552786008,9.481766847643142,9.535453811474644,9.231964292513563,8.378322547997076,9.67221011738617,9.766219853072437,9.821517425818884,9.50892322128897,8.62967222443699,9.108780401810277,9.197313842213847,9.249390197130404,8.955005363738156,8.126972871557163,9.48,-2.989821882951636,-1.3923614104664286,-177.40533829919428,27.71729595367507,35.37729858650215,12.397290688020917,95.18072289156615,15.151515151515135,38.09523809523814,-3.684210526315786,-4.488517745302711,46.48910411622277,0.10750759069183755,-0.18002844294922732,9.487674188816227,9.50516755803345
20190429,8.6,9.21,9.14,8.55,0.00726072,9.15,6.40173824,-6.0109289617,9.126996839732149,9.226236983441916,9.399749772173688,9.446748343164336,8.959165509393603,9.413084465047506,9.376049692081475,9.097392976526232,9.430119879370638,8.990014651976107,8.475975564554798,9.321445602617116,9.446362972286583,9.201136766049487,8.38379606533048,9.400806744924113,9.60108897069563,9.72975386145518,9.477170869030973,8.635309947290395,8.853186934540185,9.041802234538602,9.162972083117985,8.925102663068001,8.132282183370567,9.58,-7.087294727744172,-7.891354639705275,-264.25702811244923,19.89062668098109,30.21507461799513,-0.7582691930469849,96.4028776978418,9.259259259259226,22.222222222222175,-10.509885535900104,-8.994708994708992,43.636363636363626,0.07480416564216578,-0.2616274003973741,9.42192054520021,9.36591101064369
20190430,8.59,8.73,8.63,8.45,38.2112,8.6,32825.0144,-0.1162790698,8.947997893154765,9.067177737581439,9.291783135883863,9.368862130149397,8.774582754696802,9.310198906916568,9.32533680872138,9.07533241232944,9.365495273265205,8.974327802879005,8.47897620759283,9.188455493050368,9.364804593973574,9.171325216486098,8.388887520507506,9.216437829949408,9.464109157841879,9.645748731792782,9.446464972980682,8.640554146122732,8.679557956360123,8.912801828258857,9.083860456154365,8.896185459991514,8.13722089489228,9.51,-5.166703466548926,-8.53139108953064,-241.9257470570467,16.934958469735435,25.7883692352419,-0.771863061277493,90.60402684563755,0.0,21.17647058823527,-9.388185654008446,-10.052356020942417,42.09302325581396,0.03709198947732636,-0.3016974093187154,9.360296801111307,9.246540085929276
20190506,7.81,8.38,8.38,7.73,68.7459,8.59,55065.1008,-9.0803259604,8.568665262103176,8.75288330318608,9.09421205109935,9.227147391044907,8.2922913773484,9.122674043551998,9.227573143642582,9.020317959619463,9.245841790706343,8.928667889040613,8.461371570550913,8.937827221586666,9.21672796597609,9.104919108364825,8.37459400148263,8.825725219966271,9.205962038234267,9.493229804955373,9.37806668161577,8.625831821527107,8.31160530424008,8.669692404939065,8.940226126996809,8.83177153511388,8.123356181438151,9.44,-10.415232851571465,-17.096575589665207,-285.748885341553,12.630005813994464,21.402248094826085,-4.914478747668781,96.3800904977376,0.0,9.01287553648065,-18.475991649269314,-18.390804597701155,37.708333333333336,-0.014311624851289766,-0.411228914628929,9.245460001028988,9.025533918863234
20190507,7.92,7.94,7.86,7.65,47.2639,7.81,37149.8208,1.4084507042,8.352443508068783,8.54466247738956,8.937650444286103,9.108315810040825,8.1061456886742,8.972339788107998,9.14321358598822,8.97247804833166,9.14385396065201,8.889112285548823,8.447124950273258,8.752767726752728,9.09323006445456,9.047118176249468,8.363369458236145,8.603016813310846,9.015350758555309,9.366026966388196,9.318531721536951,8.61427054198323,8.101870202826719,8.490184694950146,8.820433162520922,8.775704630961984,8.11246837448906,9.15,-5.871167102448298,-16.225936111698758,-225.83619702176338,12.767829962952824,18.524108717534997,1.2552724537884785,88.20960698689959,6.321839080459787,13.733905579399124,-16.7192429022082,-18.518518518518526,30.62645011600929,-0.06981450012720866,-0.4440230022073511,9.147277778730544,8.85545177749966
20190508,7.87,7.93,7.72,7.66,32.3105,7.92,25293.0672,-0.6313131313,8.19162900537919,8.37599685804217,8.795297051714622,8.995741645491659,7.9880728443371005,8.834547314594499,9.061070773988982,8.924544220143327,9.045865194448009,8.849147097880241,8.431937451581856,8.592264503706776,8.976731963077935,8.98969777740803,8.351187496304389,8.437377875540566,8.85003243881798,9.246033921970273,9.259388710730272,8.60172312119352,7.945880135217814,8.334496568595572,8.707430004185596,8.72000684408579,8.100651871415257,8.6,-3.530277028683472,-17.040878713132233,-167.90728044400873,12.054559749859045,16.367592394976345,3.4284944596244458,89.67136150234742,7.33333333333335,14.096916299559453,-16.631355932203384,-18.10613943808532,26.21359223300972,-0.12561575974280864,-0.4464100769247997,9.05266460993569,8.703843811730481
20190509,7.98,8.1,7.82,7.76,50.0025,7.87,39802.208,1.3977128335,8.121086003586127,8.276997643531626,8.686590778152672,8.903401495901509,7.9840364221685505,8.727728900270186,8.991324272441306,8.883477080137094,8.963875564105855,8.815062897963369,8.420044360750756,8.480943684850997,8.881805109451465,8.940444227290566,8.34202237293885,8.36471858369371,8.735371995396527,9.148259262735008,9.208657554109283,8.592283044127015,7.877453423478543,8.226515374305468,8.615350956167921,8.672230900471849,8.091761701750684,8.59,-0.6721433905899958,-16.125370498833338,-119.18829091059214,13.350382828408446,15.361855872787046,9.327436739651247,84.13461538461539,20.754716981132127,14.096916299559487,-12.786885245901638,-15.999999999999995,19.148936170212774,-0.17663755716470084,-0.4081743793751376,8.973207972162676,8.592483225310406
