date,close,high,open,low,vol,settle,amount,percent,close_EMA_5,close_EMA_3,close_EMA_10,close_EMA_20,BIAS_5,BIAS_50,CCI,K,D,J,WR,RSI_6,RSI_12,ROC_6,ROC_12,Dea,MACD,close_EMA_26,close_EMA_12
20181029,10.0,10.0,10.0,10.0,0.7559,,755.975,,10.0,10.0,10.0,10.0,,,,,,,,,,,,0.0,0.0,10.0,10.0
20181030,11.0,11.0,11.0,11.0,1.3201,10.0,1452.1771,10.0,10.333333333333334,10.5,10.181818181818182,10.095238095238095,,,,,,,,,,,,0.01595441595441578,0.12763532763532623,10.074074074074074,10.153846153846153
20181031,12.1,12.1,12.1,12.1,1.8401,11.0,2226.5222,10.0,10.922222222222222,11.3,10.530578512396694,10.286167800453514,,,,,,,,,,,,0.058585888101556946,0.3410517771771293,10.224142661179698,10.45325443786982
20181101,13.31,13.31,13.31,13.31,22.7495,12.1,30279.648,10.0,11.718148148148147,12.305,11.035927873779114,10.574151819457942,,,,,,,,,,,,0.13487452424986895,0.6103090891864961,10.452724686277499,10.892753755120616
20181102,14.64,14.64,13.81,13.57,195.9224,13.31,277408.384,9.992486852,12.692098765432098,13.4725,11.691213714910186,10.961375455700042,19.901719901719897,,,,,,,,,,,0.24917160927490065,0.9143766802002535,10.762893228034724,11.469253177409751
20181105,14.63,14.98,14.68,14.11,172.704,14.64,251757.952,-0.0683060109,13.338065843621399,14.05125,12.225538494017426,11.310768269442894,11.373325213154686,,,,,,,99.78494623655915,,,,0.38057255498653636,1.0512075656930855,11.049345581513633,11.955521919346712
20181106,13.31,14.26,13.88,13.24,117.9232,14.63,161137.0752,-9.022556391,13.328710562414265,13.680625,12.422713313286984,11.501171291400714,-2.117958523312241,,,,,,,73.23943661971832,,33.10000000000001,,0.49387838362116254,0.9064466290770088,11.216801464364474,12.163903162524141
20181107,13.35,13.83,13.2,13.05,79.603,13.31,107371.0208,0.3005259204,13.335807041609511,13.5153125,12.591310892689348,11.677250216029218,-3.596187175043348,,,50.0,50.0,50.0,,65.98465473145781,,21.36363636363636,,0.5894153925671387,0.7642960715678091,11.374816170707845,12.346379599058888
20181108,12.73,13.54,13.49,12.51,95.7925,13.35,123825.856,-4.6441947566,13.133871361073007,13.12265625,12.616527094018558,11.777512100216914,-7.296824934459672,,,51.60642570281125,50.53547523427042,53.74832663989292,,41.265060240963855,,5.20661157024794,,0.6575719068972667,0.5452521146410247,11.475200158062819,12.405398122280598
20181109,12.22,12.86,12.43,12.2,63.9471,12.73,79580.6528,-4.0062843676,12.829247574048672,12.671328125,12.544431258742456,11.81965380495816,-7.7596618357487825,,,44.62203924576026,48.564329904767035,36.7374579277467,,1.599999999999967,,-8.189331329827196,,0.6953584890203329,0.30229265698452923,11.530370516724831,12.376875334237429
20181112,12.45,12.49,12.12,11.82,73.2852,12.22,89106.7968,1.8821603928,12.702831716032449,12.560664062499999,12.527261938971101,11.879686775914525,-2.8254761161411324,,,36.39359578409333,44.50741853120913,20.165950289861726,,9.926470588235224,,-14.959016393442631,,0.7142136039415921,0.1508409193700735,11.598491219189658,12.388125282816286
20181113,12.52,13.16,12.13,12.06,97.1408,12.45,121334.912,0.562248996,12.641887810688297,12.54033203125,12.5259415864309,11.94066898773219,-1.0589536905326407,,,31.646363434121284,40.22040016551318,14.498289971337485,,23.129251700680186,66.93548387096774,-14.422419685577587,,0.7197033975463212,0.043918348837832966,11.666751128879312,12.40841370084455
20181114,12.04,12.49,12.35,12.0,68.1583,12.52,83333.6768,-3.8338658147,12.441258540458866,12.290166015625,12.43758857071619,11.950129084138647,-2.8405422853453866,,,23.418250728232742,34.619683686419705,1.0153848118588087,,15.706806282722471,57.51445086705201,-9.541697971450047,20.39999999999999,0.707229813344781,-0.09978867361232213,11.694399193406769,12.351734669945388
20181115,12.3,12.43,11.85,11.83,59.6355,12.04,72866.2144,2.1594684385,12.39417236030591,12.2950830078125,12.41257246694961,11.98345012374449,-0.04875670404680828,,,20.67545829139567,29.971608554745025,2.0831577646969635,53.8152610441767,36.129032258064534,51.644736842105274,-7.865168539325835,11.818181818181825,0.6866872461838478,-0.16434053728746578,11.739258512413675,12.34377548995379
20181116,12.38,12.79,12.26,12.21,85.9251,12.3,107598.08,0.6504065041,12.38944824020394,12.337541503906252,12.406650200231498,12.021216778625966,0.3404117360998526,,,21.43391208497417,27.125709731488072,10.050316791946372,65.32663316582912,57.14285714285714,40.60606060606061,-2.749410840534168,2.314049586776869,0.6618753262814548,-0.1984953592191434,11.786720844827478,12.349348491499361
20181119,13.06,13.47,12.29,12.2,118.5191,12.38,152643.648,5.49273021,12.612965493469295,12.698770751953127,12.52544107291668,12.120148513994922,4.815409309791329,,,34.85312215283519,29.701513871937113,45.15633871463134,60.759493670886066,69.42675159235671,31.62790697674418,6.873977086743042,-1.8782870022539442,0.6450285957296542,-0.13477384441440465,11.881037819284701,12.458679492807153
20181120,13.12,14.17,12.8,12.68,152.3661,13.06,205155.8272,0.4594180704,12.781976995646197,12.909385375976562,12.633542696022738,12.215372465043025,4.29252782193958,,,41.67513108061352,33.69271960816258,57.63995402551541,58.86075949367092,69.23076923076921,32.643678160919514,5.381526104417671,-10.382513661202195,0.6335445393165993,-0.09187245130444,11.972812795633983,12.560421109298362
20181121,12.63,13.29,12.85,12.01,90.9451,13.12,115534.6048,-3.7347560976,12.731317997097465,12.769692687988282,12.63289856947315,12.254860801705593,-0.5355174043156372,,,39.27278242253668,35.552740546287275,46.71286617503549,74.36708860759492,68.78980891719752,40.34090909090908,0.8785942492012876,-13.670539986329459,0.6167620763994721,-0.1342597033370172,12.021493329290726,12.57112555402169
20181122,12.67,13.12,12.8,12.31,70.1049,12.63,89360.544,0.3167062549,12.710878664731643,12.719846343994142,12.639644284114395,12.294397868209822,-0.798621985593502,,,38.23859253701026,36.44802454319494,41.81972852464091,73.10126582278482,63.70370370370372,40.34090909090908,5.23255813953489,-4.808414725770102,0.5967708904785269,-0.15992948736756185,12.069530860454377,12.586337007249123
20181123,11.67,12.55,12.4,11.56,68.591,12.67,82727.0656,-7.8926598264,12.363919109821095,12.194923171997072,12.463345323366324,12.234931404570792,-7.600950118764851,,,26.897248153664563,33.264432413351486,14.162879634290718,95.92592592592595,34.36123348017617,36.410256410256395,-5.1219512195122014,-12.584269662921347,0.5585019326137713,-0.30615166291804496,12.0399359819022,12.44536208305695
20181126,11.23,11.62,11.6,11.12,43.7319,11.67,49511.2224,-3.7703513282,11.985946073214064,11.712461585998536,12.239100719117902,12.139223651754527,-8.431180691454669,,,19.133684561459447,28.55418312938747,0.2926874256033969,96.39344262295077,4.926108374384142,37.075718015665785,-9.2891760904685,-11.78318931657502,0.502490061503951,-0.44809496887856226,11.979940723983518,12.258383301048188
20181127,11.21,11.36,11.35,11.12,28.4455,11.23,31955.5104,-0.17809439,11.727297382142709,11.461230792999269,12.051991497460103,12.050726161111239,-5.655613533075244,,,13.739396265016698,23.61592084126388,-6.013652887477662,97.0491803278688,2.0100502512562417,32.87292817679559,-14.165390505359873,-8.265139116202944,0.4368291461357347,-0.5252873229457306,11.922908077762518,12.097093562425387
20181128,11.45,11.6,11.22,11.15,42.9562,11.21,49083.7408,2.1409455843,11.634864921428473,11.455615396499635,11.942538497921902,11.993514145767312,-1.6829812811265796,,,12.766154887060312,19.99933218986269,-1.7001997185444466,89.18032786885246,16.091954022988396,35.88390501319259,-12.728658536585366,-8.032128514056225,0.3713958882860934,-0.5234660627971304,11.887877849780109,11.997540706667637
20181129,10.47,11.53,11.48,10.35,56.6306,11.45,62233.9136,-8.5589519651,11.24657661428565,10.962807698249819,11.674804225572466,11.84841756045614,-6.567910048188461,,,9.55789034355505,16.51885157442681,-4.364032118188476,96.85863874345547,8.95522388059697,31.701631701631694,-17.102137767220903,-16.3738019169329,0.29305362726804995,-0.6267380881443474,11.782849860907508,11.762534444103384
20181130,10.46,10.68,10.3,9.94,44.3683,10.47,45573.5136,-0.0955109838,10.984384409523765,10.71140384912491,11.453930730013836,11.716187316603174,-4.596862458956581,,,10.469641631715985,14.50244826018987,2.404028374768213,87.70685579196214,14.201183431952606,27.227722772277186,-17.442778216258873,-13.122923588039853,0.209899611275274,-0.6652321279422075,11.684860982321768,11.562144529625938
20181203,10.66,10.95,10.93,10.6,40.6817,10.46,43793.9104,1.9120458891,10.876256273015843,10.685701924562455,11.30957968819314,11.615598048355253,-1.7511520737327142,,,14.143940192288277,14.382945570889339,13.665929435086152,82.9787234042553,30.34482758620683,29.326923076923027,-8.654670094258782,-13.333333333333336,0.13080123092581958,-0.6327870427956356,11.608945354001637,11.423353063529639
20181204,10.8,10.84,10.59,10.51,31.8389,10.66,34029.92,1.3133208255,10.850837515343896,10.742850962281228,11.216928835794386,11.53792204374999,0.297176820208024,,-96.39157512596633,18.443968513936433,15.736619885238369,23.85866577133256,79.66903073286049,36.94267515923564,18.78453038674027,-3.8290293855743522,-12.762520193861066,0.060326807998644094,-0.5637953834174039,11.549023475927443,11.327452592217385
20181205,10.48,10.62,10.5,10.45,27.2815,10.8,28685.1552,-2.962962963,10.727225010229263,10.611425481140614,11.082941774740862,11.43716756339285,-0.8889729525250726,,-97.25728190920148,19.192530733428896,16.888590167968545,23.8004118643496,87.23404255319147,20.606060606060613,15.979381443298928,-6.51204281891169,-19.754977029096477,-0.006290809890460913,-0.53294094311284,11.469836551784669,11.197075270337788
20181206,10.33,10.58,10.43,10.26,22.6252,10.48,23561.2256,-1.4312977099,10.594816673486177,10.470712740570306,10.946043270242523,11.331723033545911,-2.048169922245411,,-89.1664783350113,20.533115727047846,18.10343202099498,25.392483139153583,90.78014184397162,41.46341463414631,17.51412429378526,-9.78165938864628,-21.265243902439018,-0.06937767585521477,-0.5046949277180309,11.385404214615436,11.063679074901206
20181207,10.36,10.49,10.41,10.3,15.5883,10.33,16201.544,0.2904162633,10.516544448990784,10.415356370285153,10.839489948380246,11.239177982732015,-1.577047311419346,,-69.74867346614542,22.12247875779093,19.44311426659363,27.481207740185532,90.07092198581562,44.047619047618966,17.280453257790324,-1.0506208213944719,-17.973079968329383,-0.126307658920274,-0.45543986452047414,11.309448346866146,10.955420755685635
20181210,10.07,10.27,10.22,10.01,18.9181,10.36,19123.5248,-2.7992277992,10.36769629932719,10.242678185142577,10.699582685038383,11.1278276986623,-3.2475019215987624,,-65.89109710777171,17.35876093892891,18.748329824038724,14.579623168709283,96.1194029850746,18.279569892473116,21.63120567375882,-3.728489483747615,-20.520915548539858,-0.1807331632005283,-0.4354040342420341,11.217637358209393,10.819202177887847
20181211,10.14,10.2,10.15,10.07,11.9124,10.07,12055.4488,0.6951340616,10.291797532884793,10.191339092571289,10.597840378667767,11.03374887021827,-1.3234721681588093,,-50.78576503695252,15.765379410019715,17.754013019365722,11.788112191327698,93.71069182389934,11.627906976744153,27.755102040816293,-4.878048780487801,-13.110539845758348,-0.22920709727572874,-0.3877914726016036,11.137812368712401,10.71470953513587
20181212,10.19,10.37,10.15,10.14,18.5909,10.14,19054.7232,0.4930966469,10.257865021923195,10.190669546285644,10.523687582546355,10.953391834959387,-0.2740262282247061,,-32.08835670740032,18.761078022521396,18.089701353750947,20.103831360062294,90.42145593869732,25.423728813559165,29.435483870967673,-5.6481481481481595,-9.260908281389144,-0.270089488587635,-0.32705913049525004,11.067604045104074,10.633984991268814
20181213,10.46,10.56,10.21,10.08,35.9203,10.19,37268.4384,2.649656526,10.325243347948797,10.325334773142822,10.512108022083382,10.906402136391828,2.108551347130038,,-16.933086449113993,28.464832156858286,21.54807828812006,42.298339894334745,69.04761904761895,59.154929577464856,30.27888446215141,-0.19083969465648445,-6.690454950936663,-0.2991472445749435,-0.23246204789846814,11.022596338059328,10.60721806953515
20181214,10.07,10.43,10.38,10.06,24.4128,10.46,25027.6384,-3.7284894837,10.240162231965865,10.19766738657141,10.431724745340949,10.826744790068796,-1.13881798547025,,-25.014156455946264,21.386193325455743,21.49411663389862,21.170346708569994,92.16867469879514,36.44859813084116,39.58333333333333,-2.516940948693125,-12.052401746724883,-0.32481069777809785,-0.20530762562523452,10.952033646351229,10.524569135760514
20181217,10.17,10.27,9.95,9.95,17.9758,10.07,18149.1664,0.9930486594,10.216774821310578,10.183833693285706,10.384138428006231,10.764197667205101,-0.3527336860670154,,-24.980598154098924,25.202735848811322,22.73032303886952,30.147561468694917,86.14457831325298,55.68181818181815,42.78606965174127,-1.8339768339768292,-2.8653295128939895,-0.34466559625283544,-0.15883918779790052,10.894105228102989,10.470020037951203
20181218,10.02,10.19,10.09,9.85,17.1257,10.17,17159.8848,-1.4749262537,10.151183214207052,10.101916846642853,10.317931441096006,10.693321698899853,-1.5910430170889711,,-26.954055283508577,24.56438097683311,23.341675684857385,27.009791560784564,89.88095238095238,43.74999999999996,33.6734693877551,-0.4965243296921619,-4.206500956022956,-0.36144657834811716,-0.1342478567622537,10.829356692687954,10.40078618595871
20181219,9.94,10.09,10.03,9.93,12.5138,10.02,12503.7784,-0.7984031936,10.080788809471366,10.020958423321426,10.249216633624004,10.621576775195106,-1.894986182392422,,-27.493826346296377,20.601606097231453,22.42831915564874,16.94817998039688,91.81818181818183,37.3737373737374,27.368421052631554,-1.9723865877712137,-6.754221388367736,-0.3758737458088915,-0.1154173396861945,10.763478419155513,10.329896003503524
20181220,10.28,10.64,9.91,9.89,32.3251,9.94,33008.0256,3.4205231388,10.147192539647577,10.150479211660713,10.25481360932873,10.589045653747954,1.8225039619651278,,-2.9646463342198444,31.87786398043275,25.578167430576745,44.47725708014476,60.90909090909092,41.50943396226408,44.79166666666664,0.8832188420019614,-4.814814814814827,-0.38178809817702486,-0.04731481894506673,10.727665202921772,10.322219695272214
20181221,10.31,10.35,10.17,10.12,25.9089,10.28,26557.0784,0.2918287938,10.201461693098386,10.230239605830356,10.26484749854169,10.562469877200531,1.6364353312302877,,-0.6040814725466318,40.66119202071046,30.60584229395465,60.77189147422207,53.53535353535346,67.14285714285714,49.44444444444446,-1.434034416826007,-1.622137404580152,-0.38070793805941383,0.00864128094088823,10.696727039742381,10.320339742153411
20181224,10.21,10.37,10.2,10.12,19.7463,10.31,20191.2464,-0.9699321048,10.204307795398924,10.220119802915178,10.254875226079564,10.528901317467145,0.57131599684791,,0.3470813612803668,42.29733476486186,34.50300645092372,57.885991392738134,54.43037974683534,52.85714285714291,45.98930481283426,1.3902681231380394,-1.161665053242974,-0.37602810799551456,0.037438640511194166,10.660673184946651,10.303364397206733
20181225,10.08,10.16,10.01,9.61,28.8047,10.21,28573.5552,-1.2732615083,10.162871863599284,10.150059901457588,10.223079730428735,10.486148811041701,-0.8264462809917319,,-36.43068987749829,43.40857916362959,37.471530688492344,55.28267611390409,54.36893203883494,54.41176470588238,50.29239766081871,-0.884955752212388,-2.7027027027026964,-0.3705544289247662,0.043789432565986885,10.617660356432086,10.269000643790314
20181226,9.92,10.09,9.99,9.88,16.2853,10.08,16236.2288,-1.5873015873,10.081914575732855,10.035029950728795,10.167974324896237,10.432229876656779,-2.362204724409451,,-34.960272417707145,38.971415235299986,37.971492204094886,40.971261297710186,69.9029126213592,48.684210526315816,43.88888888888888,-0.9980039920159646,-1.4895729890764682,-0.3665782580313824,0.03180936714707061,10.56598181151119,10.215308237053343
20181227,9.8,10.18,10.17,9.78,18.2493,9.92,18256.6576,-1.2096774194,9.98794305048857,9.917514975364398,10.10106990218783,10.372017507451371,-2.623211446740869,,-42.69927440749146,32.129810804115884,36.02426507076855,24.340902270810545,81.55339805825233,5.555555555555756,39.57219251336903,-1.40845070422534,-3.353057199211044,-0.3648281576138773,0.01400080334004028,10.509242418065917,10.15141466212206
20181228,9.91,10.16,9.81,9.8,21.6847,9.8,21640.6624,1.1224489796,9.961962033659047,9.913757487682199,10.06632991997186,10.32801584007505,-0.7411858974358958,,-39.94601889338751,31.12861173348827,34.39238062500846,24.601073950447898,70.87378640776696,17.7419354838709,33.918128654970744,-3.599221789883261,-2.747791952894989,-0.36197855527695433,0.02279681869538397,10.464854090801774,10.114273944872512
20190102,9.77,9.97,9.94,9.65,16.4201,9.91,16071.4368,-1.4127144299,9.89797468910603,9.8418787438411,10.01245175270425,10.274871474353617,-1.2732417138237795,,-85.10512725931473,25.930401349833602,31.571720866616836,14.647762316267134,84.46601941747574,16.666666666666575,39.72602739726025,-5.237633365664412,-6.59655831739963,-0.35999778318648656,0.01584617672374189,10.41338341740905,10.061308722584434
20190103,9.94,10.28,9.77,9.74,30.8225,9.77,30934.704,1.7400204708,9.911983126070687,9.890939371920549,9.999278706758021,10.242978952986604,0.7296311309282627,,-28.734951647918805,27.966545883707827,30.369995872313837,23.15964590649581,67.96116504854372,39.99999999999994,42.483660130718945,-2.644466209598446,-1.2909632571996106,-0.3551326539283141,0.0389210340653795,10.378317979082453,10.042645842186829
20190104,10.93,10.93,9.78,9.74,99.274,9.94,105944.7808,9.9597585513,10.251322084047125,10.410469685960274,10.168500760074744,10.308409528892643,8.540218470705058,,197.9638604004643,51.977697255805225,37.5725630001443,80.78796576712708,0.0,83.00653594771242,69.19831223628692,8.432539682539678,7.472959685349063,-0.3321104126425426,0.1841779302861719,10.419183313965235,10.179161866465778
20190107,10.87,11.27,11.07,10.7,98.2075,10.93,107931.1872,-0.54894785,10.457548056031415,10.640234842980137,10.29604607642479,10.361894335664772,5.698171917541816,,790.9999999999956,59.95300298981392,45.032709663367505,89.79358964270675,24.096385542168694,86.39455782312918,69.78723404255317,9.576612903225799,8.483033932135726,-0.2991148273780596,0.26396468211586366,10.452577142560402,10.285444656240275
20190108,10.76,11.1,10.67,10.52,55.0073,10.87,59328.4672,-1.0119595216,10.55836537068761,10.700117421490068,10.380401335256646,10.399809160839556,2.9271092404821215,-4.511731922899435,38341.93548385771,63.06103813778759,51.0421524881742,87.09880943701437,30.72289156626504,78.91156462585032,61.32075471698114,9.795918367346928,8.249496981891351,-0.26267106898436754,0.29155006714953635,10.475349206074448,10.358453170664848
20190109,10.85,11.08,10.75,10.7,50.4465,10.76,54878.8928,0.8364312268,10.65557691379174,10.775058710745034,10.46578291066453,10.442684478854837,1.6869728209934538,-3.858082123805976,-613.3930794125001,66.73205011654976,56.27211836429939,87.65191362105048,25.3012048192771,88.02816901408451,62.38532110091741,9.485368314833496,5.544747081712066,-0.22394192657594755,0.30983313926735984,10.5031011167356,10.434075759793332
20190110,10.53,10.87,10.85,10.51,35.569,10.85,37985.4304,-2.9493087558,10.613717942527828,10.652529355372517,10.47745874508916,10.451000242773423,-2.391546162402678,-6.615821213196173,-197.4094789520161,62.595029295806825,58.37975534146854,71.0255772044834,44.578313253012055,68.78980891719745,56.66666666666663,7.778915046059363,2.133850630455857,-0.19040559954021716,0.2682906162858431,10.505093626607037,10.448833335209741
20190111,11.0,11.24,10.51,10.47,72.112,10.53,78850.368,4.4634377968,10.742478628351884,10.826264677686257,10.57246624598204,10.503285933937859,1.8329938900203704,-2.2569752976719197,-237.95777682033736,69.50779730831566,62.089102663750914,84.34518659744514,16.265060240963827,53.33333333333334,66.78832116788321,10.66398390342053,7.737512242899109,-0.15394950988288264,0.29164871725867625,10.54175335796948,10.533628206715935
20190114,10.78,11.65,11.44,10.75,58.6966,11.0,65211.0656,-2.0,10.754985752234589,10.803132338843128,10.610199655803488,10.529639654515206,-0.03709198813057618,-3.7792098827141682,-214.9808397430599,65.17186487221042,63.116690066570754,69.28221448348975,42.64705882352944,46.2809917355372,65.35714285714285,-1.3723696248856392,6.9444444444444375,-0.12073354747636222,0.26572769925216333,10.559401257379148,10.571531559528868
20190115,11.31,11.62,10.61,10.61,83.8431,10.78,93737.9968,4.9165120594,10.939990501489726,11.056566169421565,10.737436082021036,10.60395968741852,3.81861575178998,1.5552043675023792,-185.92420726991486,70.84756087466734,65.69364700260294,81.15538861879611,16.66666666666665,66.87116564417177,73.52024922118378,4.0478380864765535,14.012096774193555,-0.08255865306265608,0.3053991553096491,10.61500116423995,10.68514208883212
20190116,11.03,11.2,11.2,10.98,43.3166,11.31,47955.04,-2.4756852343,10.969993667659816,11.043283084710783,10.790629521653575,10.644534955283424,0.9149130832570709,-0.3145108813534548,-112.55486949711306,69.74479625501381,67.0440300867399,75.14632859156166,31.00000000000005,54.94505494505493,66.56804733727807,2.5092936802973935,12.55102040816325,-0.047555855780520774,0.2800223782570825,10.645741818740694,10.738197152088715
20190117,10.93,11.23,11.03,10.88,36.213,11.03,39919.8496,-0.9066183137,10.956662445106545,10.986641542355391,10.815969608625652,10.671722102399288,-0.7266121707538769,-0.7914896706966903,-74.28938081488644,59.49088111916173,64.52631376421384,49.42001582905752,36.00000000000003,62.499999999999986,67.36526946107783,0.7373271889400929,10.292633703329965,-0.01786322418018685,0.2375410528026714,10.666797980315458,10.767705282536607
20190118,10.92,11.07,10.91,10.72,33.7263,10.93,36817.0976,-0.0914913083,10.944441630071031,10.953320771177696,10.83488422523917,10.6953676164565,-0.673094415135527,-0.44308298233133775,-37.134619649589844,52.37245181955413,60.475026449327274,36.16730256000784,36.50000000000002,46.491228070175445,65.40880503144652,3.703703703703709,11.770726714431937,0.0068257313742827955,0.19751164443575714,10.685553685477274,10.791135239069435
20190121,10.85,11.02,10.88,10.74,25.3725,10.92,27546.7424,-0.641025641,10.91296108671402,10.901660385588848,10.837632547922958,10.710094510127309,-1.4353197674418556,-0.7410118012990372,-19.02591373343469,45.64943115653888,55.533161351731145,25.881970766154367,40.000000000000036,53.53535353535355,48.230088495575224,-1.3636363636363669,9.15492957746479,0.02595187753447396,0.15300916928152933,10.697734893960437,10.800191356135675
20190122,10.82,11.0,10.84,10.65,27.8103,10.85,30186.064,-0.2764976959,10.881974057809346,10.860830192794424,10.834426630118784,10.720561699638992,-0.824931255728688,-0.7612583692561373,0.7868641856355582,40.31995975407676,50.46209415251302,20.035690957204253,43.455497382198956,0.0,48.878923766816165,0.37105751391466535,-1.0064043915827945,0.0400509562926238,0.11279263006519866,10.706791568481886,10.80323883980711
20190123,10.71,10.86,10.73,10.66,18.8578,10.82,20270.0768,-1.0166358595,10.8246493718729,10.785415096397212,10.811803606460824,10.719555823482898,-1.2539184952977984,-1.455622826226965,22.07730838295044,33.65963418633367,44.86127416378657,11.256354231427864,49.21465968586384,0.0,48.878923766816165,-5.305039787798405,-1.471941122355091,0.048413799601676744,0.06690274647242356,10.70702923007582,10.788894402913709
20190124,11.0,11.39,10.84,10.79,71.385,10.71,79246.8928,2.7077497666,10.8830995812486,10.892707548198606,10.846021132558857,10.746264792675003,1.2891344383056977,1.4966137038882463,-23.45800384697565,34.939756124222455,41.554101483931866,21.711065404803634,55.084745762711904,56.86274509803927,53.086419753086425,-0.2719854941069752,2.2304832713754665,0.05725932337976318,0.07076419022469152,10.728730768588722,10.821372187080831
20190125,10.7,10.92,10.86,10.68,39.3323,11.0,42440.416,-2.7272727273,10.822066387499069,10.796353774099302,10.819471835729974,10.74185862194405,-1.0724852071005886,-1.0267320321894429,28.36294960940863,26.2634677791846,36.45722358234944,5.875956172854927,80.5084745762713,36.24999999999994,53.52697095435685,-2.1043000914913126,-1.3824884792626762,0.06102685458510532,0.030140249642737094,10.726602563508076,10.80269954291455
20190128,10.21,10.92,10.86,10.11,44.4056,10.7,46576.6848,-4.5794392523,10.618044258332713,10.503176887049651,10.70865877468816,10.69120541985414,-4.472305389221554,-5.1925862645321885,122.70816563813625,20.113145186123102,31.009197450273998,-1.6789593421786932,93.50649350649341,23.770491803278677,33.7448559670782,-6.501831501831494,-3.0389363722696916,0.053457341847854375,-0.0605561018980075,10.688335706951921,10.711514997850772
20190129,9.93,10.23,10.07,9.69,23.4453,10.21,23381.9328,-2.7424094025,10.388696172221808,10.216588443524826,10.567084452017586,10.618709665582317,-5.518553758325405,-7.371131135613146,391.9135802469139,18.114645810356578,26.711013570301525,0.921910290466684,87.75510204081633,19.727891156462544,32.931726907630534,-8.479262672811059,-9.72727272727273,0.034589719405522634,-0.15094097953865393,10.632162691622149,10.591281921258345
20190130,9.85,10.09,9.87,9.81,14.0869,9.93,14024.3456,-0.8056394763,10.209130781481205,10.033294221762413,10.436705460741662,10.545499221241144,-4.720448829560856,-7.563813813813806,908.0251985757317,15.213685442198503,22.878570860933852,-0.11608539527219364,91.83673469387755,20.138888888888836,14.215686274509768,-8.964879852125698,-8.627087198515767,0.008274542382839511,-0.21052141618146497,10.574224714464954,10.477238548757061
20190131,9.56,10.02,9.9,9.5,25.9156,9.85,25303.4752,-2.9441624365,9.992753854320803,9.796647110881207,10.277304467879542,10.451642152551512,-4.875621890547265,-9.68180787544401,-1354.859889787781,11.200658019666736,18.985933247178146,-4.369892435356078,97.20930232558138,0.0,14.146341463414613,-10.737628384687211,-15.473032714412025,-0.02597477248704056,-0.2739945189590406,10.49909695783792,10.33612492587136
20190201,9.88,9.9,9.73,9.72,20.9452,9.56,20548.3872,3.3472803347,9.95516923621387,9.838323555440603,10.205067291901445,10.3972000427847,-0.0606918875177041,-6.171057380007209,-336.356404136834,14.169045381717872,17.38030395869139,7.746528227770838,82.07547169811316,21.917808219178113,26.872246696035244,-10.181818181818175,-10.426110607434257,-0.058237030703894854,-0.2580980657348344,10.453237923924,10.265951860352688
20190211,10.11,10.16,9.88,9.81,23.7676,9.88,23805.184,2.3279352227,10.006779490809246,9.974161777720301,10.187782329737546,10.369847657757585,2.473140077032211,-3.5176454869925275,-135.97741912137266,20.20440767952266,18.321671865635146,23.96987930729769,67.72486772486776,45.83333333333327,33.734939759036116,-5.514018691588784,-7.502287282708145,-0.08376034977710507,-0.20418655258568172,10.42781289252222,10.241959266452275
20190212,10.18,10.25,10.13,10.02,24.632,10.11,24971.8576,0.6923837784,10.064519660539498,10.07708088886015,10.186367360694355,10.35176692844734,2.6623638563937004,-2.5725442156036946,-65.98233099421988,25.462550445960424,20.701964725743572,34.98372188639412,64.02116402116404,62.626262626262644,36.54618473895581,-0.2938295788442814,-6.776556776556779,-0.10241414189199509,-0.14923033691912027,10.409456381965018,10.232427071613463
20190213,10.69,10.94,10.17,10.11,61.7356,10.18,65433.8688,5.0098231827,10.273013107026332,10.383540444430075,10.2779369314772,10.383979601928544,6.009520031733438,2.4142556045219457,36.809680968096536,44.52132992693657,28.64175312614124,76.28048352852724,37.03703703703709,79.57746478873243,47.81144781144779,7.653575025176232,-1.4746543778801857,-0.10741421030529534,-0.04000054730640193,10.430237390708351,10.302822906749855
20190214,10.59,10.71,10.55,10.51,30.3288,10.69,32127.12,-0.935453695,10.378675404684222,10.486770222215037,10.334675671208618,10.403600592221064,2.9154518950437214,1.5768876611418101,46.4817668207498,54.9123680994392,37.39862478390722,89.93985473050316,42.32804232804235,91.86991869918701,47.972972972972954,7.512690355329951,-2.1256931608133125,-0.1049449002530722,0.019754480417785297,10.442071658063288,10.347003998019108
20190215,10.53,10.78,10.56,10.5,27.0342,10.59,28674.5184,-0.566572238,10.429116936456147,10.508385111107518,10.370189185534324,10.415638631057154,1.0556621880998198,1.1799523406872319,52.027919260517194,60.45083799221872,45.08269585334439,91.18712226996738,45.50264550264556,83.50515463917523,41.39194139194138,10.14644351464434,-1.6806722689075768,-0.09864144809926284,0.05042761723047484,10.448584868577118,10.375157229093093
20190218,10.98,11.22,10.59,10.59,55.2538,10.53,60123.776,4.2735042735,10.612744624304097,10.74419255555376,10.481063879073538,10.469387332861235,3.643571833113093,5.400579799182171,141.6079352649439,68.9827292041148,53.04937363693453,100.84944033847535,21.693121693121693,86.5546218487395,54.86111111111113,11.133603238866392,-0.18181818181817794,-0.0828609563409,0.12624393406690268,10.487948952386219,10.46820996307877
20190219,11.34,11.94,10.96,10.86,92.6582,10.98,105064.544,3.2786885246,10.855163082869398,11.04209627777688,10.637234082878349,10.552302824969688,4.74782929983371,8.672735984666978,350.4790344655971,71.12509815793446,59.07461514393451,95.22606418593435,24.590163934426222,89.18918918918918,70.54545454545452,12.16617210682493,5.981308411214959,-0.05603523258903141,0.2146057900149487,10.551063844802055,10.602331507220498
20190220,11.47,11.5,11.28,11.13,47.9995,11.34,54369.7152,1.1463844797,11.060108721912933,11.25604813888844,10.788646067809559,10.639702555924956,4.4436350391549935,9.748162890385817,487.0220786214318,73.69300838156593,63.947412889811645,93.1841993650745,19.26229508196717,85.45454545454547,79.61538461538463,12.67190569744598,12.340842311459351,-0.021491030467908866,0.27635361696898036,10.619133189631532,10.735818967648113
20190221,11.32,11.87,11.33,11.18,64.3538,11.47,73961.888,-1.3077593723,11.146739147941956,11.28802406944422,10.885255873662366,10.704492788694008,1.7253774263120234,8.205245851495006,1353.3500537441676,72.75934518082487,66.88472365348272,84.50858823550914,25.409836065573742,81.73913043478257,77.52808988764046,5.893358278765208,13.997985901309171,0.013735920218973102,0.28181560549505574,10.671049249658825,10.825692972625326
20190222,12.45,12.45,11.49,11.33,99.4496,11.32,118765.3632,9.9823321555,11.581159431961304,11.86901203472211,11.169754805723755,10.870731570723152,8.148019457956904,18.56013712979714,-1079.0954081313062,81.83956345388324,71.86967025361622,101.77934985441729,0.0,93.24324324324323,91.16809116809115,17.56373937677053,26.395939086294412,0.06554133260287325,0.41444329907120114,10.802823379313725,11.0755863614522
20190225,13.7,13.7,13.5,13.05,102.045,12.45,138012.6976,10.0401606426,12.287439621307536,12.784506017361053,11.629799386501254,11.140185706844758,13.63636363636362,29.63173233412812,-514.6456798168667,87.89304230258884,77.21079426994044,109.25753836788567,0.0,95.03311258278144,93.018018018018,30.104463437796774,43.30543933054392,0.1448157162671094,0.6341950693138891,11.017429054920115,11.479342305844169
20190226,14.47,15.07,14.36,14.3,135.4208,13.7,200954.7648,5.6204379562,13.014959747538358,13.627253008680526,12.14619949804648,11.457310877621447,14.098722598959174,35.860890466264834,-353.64448438078153,87.55232725351291,80.65797193113126,101.34103789827626,10.771992818671446,95.6268221574344,93.77510040160641,31.785063752276866,46.45748987854251,0.24910626075538636,0.8343243559062155,11.273175050851957,11.939443489560452
20190227,15.0,15.29,14.1,14.0,118.4858,14.47,174126.1184,3.6627505183,13.676639831692237,14.313626504340263,12.665072316583483,11.7947098416575,12.040633403047506,39.545268485096585,-226.48210644095948,89.68345825251592,83.6664673715928,101.71744001436213,5.206463195691189,96.08355091383811,94.30147058823528,32.27513227513228,48.3679525222552,0.37149744442913424,0.979129469389983,11.549236158196257,12.410298337320382
20190228,13.53,14.5,14.45,13.5,68.7543,15.0,95245.9456,-9.8,13.627759887794824,13.921813252170132,12.822331895386487,11.959975571023453,-2.169197396963116,25.080891189793856,-116.79037051417998,80.64003599813118,82.65765691377226,76.60479416684905,32.11678832116789,71.45631067961165,72.1875,17.959895379250206,32.90766208251473,0.4745181007116096,0.8241652502598027,11.695959405737275,12.582560131578786
20190301,13.86,14.34,13.81,13.38,73.0857,13.53,101558.1888,2.4390243902,13.705173258529882,13.890906626085066,13.010998823498033,12.140930278545028,-1.7857142857142905,27.26805259678249,-89.31600959710515,76.33338742990536,80.54956708581662,67.90102811808282,27.134724857685004,66.20689655172414,74.66063348416289,22.438162544169604,29.653882132834426,0.5641806071871135,0.7173000518040309,11.856258709015997,12.779089342105125
20190304,14.12,15.24,14.03,13.44,105.3976,13.86,151154.6752,1.8759018759,13.84344883901992,14.005453313042533,13.212635401043844,12.329413109159786,-0.5353620738236283,28.789813564887446,-85.0753737411647,74.84725828660356,78.64879748607893,67.24417988765282,22.586872586872587,56.25,76.28111273792094,13.413654618473897,33.33333333333333,0.6436324938266276,0.6356150931161122,12.023943249088886,12.98538328947357
20190305,14.41,14.54,13.81,13.67,68.4025,14.12,96872.4352,2.0538243626,14.03229922601328,14.207726656521267,13.43033805539951,12.527564241620759,1.5933446136491756,30.40251936581484,-65.98445795183493,76.09444145303175,77.79734547506321,72.68863340896883,18.371607515657605,48.95833333333333,75.71214392803597,5.182481751824824,36.84710351377019,0.7156793745597417,0.5763750458649131,12.20068819360082,13.204555091093019
20190306,15.85,15.85,14.27,14.26,128.8301,14.41,194226.1376,9.9930603747,14.638199484008853,15.028863328260634,13.870276590781417,12.843986694799733,10.422181970182532,41.97420279469726,-90.67928272875803,84.06296096868783,79.88588397293809,92.41711496018732,0.0,61.21372031662269,79.09677419354838,9.536973047684857,44.35336976320582,0.8006513054223575,0.679775446900927,12.471007586667426,13.611546615540247
20190307,17.44,17.44,16.15,15.85,126.9425,15.85,213663.04,10.0315457413,15.572132989339236,16.23443166413032,14.519317210639342,13.28170224767595,15.221987315010571,54.16710865952407,-119.31497455729104,89.37530731245856,83.04902508611158,102.0278717651525,0.0,100.0,82.41042345276873,16.266666666666676,53.79188712522047,0.9128127133683929,0.8972912635682839,12.839081098766135,14.20053944391867
20190308,15.7,16.97,15.8,15.7,96.4401,17.44,154836.4288,-9.9770642202,15.614755326226158,15.96721583206516,14.733986808704914,13.51201631932586,1.264189886480895,37.38667786761872,-74.45577187350516,78.63115725592473,81.57640247604931,72.74066681567558,26.44376899696051,67.29323308270675,70.27777777777776,16.038433111603844,36.87881429816912,1.006295103882664,0.7478591241141679,13.05100101737605,14.431225683315798
20190311,15.44,15.79,15.21,14.6,61.1028,15.7,92940.5888,-1.6560509554,15.556503550817439,15.70360791603258,14.862352843485839,13.695633812723397,-2.0801623541349645,33.90224442363057,-37.60359959699443,69.33374358933568,77.4955161804781,53.01019840705084,31.695721077654543,62.406015037593974,65.05538771399799,11.399711399711402,36.395759717314476,1.0767276485178556,0.5634603570815329,13.227963904977823,14.586421732036445
20190312,15.58,16.19,15.46,15.4,60.7432,15.44,95887.0528,0.9067357513,15.564335700544959,15.64180395801629,14.992834144670233,13.875097259130692,-2.6371703537057796,33.89250786339178,-41.43646109403877,64.28489309896598,73.0919751533074,46.67072899028312,29.712460063897776,61.31528046421663,60.657596371882086,10.33994334277621,25.14056224899599,1.1288003440547583,0.41658156429522064,13.402188800905392,14.739279927107761
20190313,14.77,15.7,15.62,14.65,53.578,15.58,80452.384,-5.1989730424,15.299557133696638,15.205901979008145,14.952318845639281,13.960326091594435,-6.436082604839721,25.944369595988846,-11.744621982430628,54.26874646663413,66.81756559108298,29.171108217736418,43.69885433715223,38.105726872246706,51.69300225733634,2.498265093684937,7.810218978102192,1.1511398638801327,0.17871615860299483,13.503508148986475,14.744006092168105
20190314,14.26,14.95,14.3,13.92,41.4975,14.77,59719.328,-3.4529451591,14.953038089131091,14.732950989504072,14.826442691886685,13.988866463823538,-5.874587458745878,20.7349081364829,16.28056685326428,43.01249764442275,58.88254294219624,11.272407048875777,72.43735763097952,4.046242774566487,45.814479638009054,-10.031545741324921,-1.4512785072563983,1.1429116979151166,-0.06582532772012861,13.559544582394883,14.669543616449936
20190315,14.45,14.83,14.49,14.2,36.4317,14.26,52896.72,1.332398317,14.785358726087395,14.591475494752036,14.757998566089107,14.032783943459389,-3.0201342281879264,21.412247092827812,16.61612611707996,35.571550153753094,51.11221201271519,4.490226435828902,73.64532019704437,17.277486910994767,56.08465608465608,-17.144495412844048,-3.6666666666666714,1.1163820448319761,-0.21223722466512385,13.625504242958224,14.635767675457638
20190318,14.7,14.73,14.46,13.71,38.7022,14.45,55675.3472,1.7301038062,14.756905817391598,14.645737747376018,14.747453372254723,14.09632832979659,-0.3524945770065169,22.50408346944895,24.480984824774566,32.56155175576389,44.92865859373142,7.82733807982882,67.48768472906409,30.526315789473685,55.61497326203209,-6.369426751592357,8.647450110864744,1.081216245922274,-0.2813263912776165,13.705096521257612,14.645649571541078
20190319,14.66,15.06,14.68,14.55,33.0461,14.7,48900.1984,-0.2721088435,14.724603878261064,14.652868873688009,14.7315527591175,14.150011346006439,0.6315211422295355,21.211119011790387,8.04446182743513,30.19742413744401,40.01824710830228,10.555778195727456,68.4729064039409,24.444444444444432,53.71900826446282,-5.051813471502586,5.772005772005778,1.039378440235811,-0.33470244549170314,13.775830112275568,14.647857329765527
20190320,14.92,15.09,14.55,14.5,39.0851,14.66,57945.9008,1.7735334243,14.78973591884071,14.786434436844004,14.765815893823408,14.223343598767729,2.2057816139197217,22.319144749786847,8.650459534863128,32.503804230688644,37.5134328157644,22.484547060537125,62.0689655172414,56.00000000000003,53.52697095435685,-4.23620025673941,5.665722379603405,0.9973311513059155,-0.3363783114391645,13.86058343729219,14.689725432878523
20190321,15.45,15.89,15.0,14.82,65.8041,14.92,101858.048,3.5522788204,15.009823945893807,15.118217218422002,14.890213004037333,14.340168017932704,4.138581827985961,25.530151611173373,-22.34423431251106,45.056299594652614,40.02772174206047,55.1134552998369,49.75000000000003,96.85039370078746,46.835443037974684,4.603926878808394,7.217210270645379,0.963539471725622,-0.270333436642348,13.978317997492766,14.806690750897214
20190322,15.1,15.42,15.4,14.65,38.3212,15.45,57614.8416,-2.2653721683,15.039882630595871,15.109108609211,14.928356094212363,14.41253296860578,0.8953628223974365,21.860675317967555,6.656085346320733,48.720328762026455,42.92525741538246,60.310471455314456,62.0689655172414,72.72727272727278,26.96850393700786,5.890603085553996,-4.731861198738171,0.9289135168855254,-0.27700763872077383,14.061405553234042,14.85181525075918
20190325,14.24,14.87,14.51,14.22,35.6965,15.1,51873.296,-5.6953642384,14.773255087063914,14.6745543046055,14.803200440719205,14.396101257309992,-4.262471426650533,14.298556820188429,75.89424005539465,40.58419470985249,42.1449031802058,37.46277776914587,85.79088471849869,38.72549019607844,32.61904761904762,-1.4532871972318275,-18.348623853211013,0.8797418247189116,-0.39337353733291036,14.074634771513002,14.757689827565459
20190326,14.0,14.45,14.34,13.83,26.5571,14.24,37450.4192,-1.6853932584,14.515503391375944,14.33727715230275,14.657163996952077,14.358377328042375,-5.033238366571706,11.790727757637681,166.77769985974703,31.490380571094306,38.59339564383531,17.284350425612303,92.22520107238608,35.26785714285713,32.77511961722488,-4.761904761904757,-10.828025477707003,0.8181966381484717,-0.49236149256351847,14.069106269919446,14.641122161786159
20190327,14.43,14.65,14.15,14.05,35.8871,14.0,51601.8944,3.0714285714,14.487002260917295,14.383638576151375,14.615861452051696,14.365198534895482,-1.4613493580988828,14.569273521238578,319.6779388083732,32.0027613593228,36.39651754899781,23.215248979972785,77.91411042944787,39.83402489626555,37.13646532438478,-1.568894952251026,-6.541450777202071,0.7571178485966515,-0.4886303164145607,14.095839138814302,14.608641829203673
20190328,14.07,14.65,14.2,13.9,30.2819,14.43,43227.7952,-2.4948024948,14.348001507278198,14.226819288075689,14.516613915315025,14.33708438871496,-2.0740534521158134,11.086548026970275,-372.8068629179165,26.83976139551183,33.21093216450248,14.097419857530525,85.48387096774196,19.196428571428573,41.29353233830846,-5.697050938337799,-9.69191270860077,0.6920640242669758,-0.5204305946374062,14.09392512853176,14.525773855480033
20190329,15.37,15.4,14.29,14.2,68.3299,14.07,101610.8544,9.2395167022,14.688667671518798,14.798409644037843,14.671775021621386,14.435457304075438,6.573290805713484,20.518771759244736,109.5716552088835,42.812268114807225,36.411377481270726,55.61404938188021,33.064516129032334,54.23197492163009,61.53846153846154,-0.5177993527508095,4.062288422477994,0.6470923409547474,-0.35977346649782693,14.188449193084963,14.655654800790797
20190401,15.54,15.97,15.26,15.08,61.2488,15.37,94824.0448,1.1060507482,14.972445114345865,15.169204822018921,14.829634108599315,14.540651846544444,5.8438904781364975,20.94891192677685,279.3495934959348,55.17702609522972,42.66659368592373,80.19789091384169,19.02654867256644,76.0,61.37787056367433,2.9139072847682086,8.976157082748944,0.6183026409018347,-0.23031760042330185,14.288564067671262,14.791707908361445
20190402,15.22,15.79,15.49,15.11,46.2255,15.54,71421.3632,-2.0592020592,15.05496340956391,15.19460241100946,14.900609725217622,14.605351670683067,1.9697172718745968,17.741710890721457,242.24332881049304,58.435774406165606,47.92298725933769,79.46134869982146,33.1858407079646,73.64341085271322,55.349794238683145,6.8820224719101155,5.328719723183401,0.594650048214453,-0.18922074149905388,14.357559321917835,14.85759899938276
20190403,15.59,15.78,15.0,14.93,50.3335,15.22,77539.9808,2.4310118265,15.233308939709275,15.39230120550473,15.02595341154169,14.699127702046585,2.849980208470789,19.7590990797216,424.50826805917995,66.37151315551226,54.07249589139588,90.969547683745,16.814159292035434,73.01587301587305,58.95953757225434,11.357142857142856,6.0544217687074875,0.5800050090521228,-0.11716031329864118,14.448851223997996,14.970276076400799
20190404,15.27,15.85,15.73,15.2,37.2583,15.59,57323.008,-2.0525978191,15.245539293139515,15.331150602752365,15.07032551853411,14.753496492327864,-0.8312767891934025,16.52396868275262,1362.1465428276324,66.67758197906424,58.274191253952004,83.4843634292887,30.973451327433676,74.19354838709678,53.333333333333336,5.82120582120582,4.160982264665753,0.5653460852426601,-0.11727139047570234,14.509677059257406,15.016387449262215
20190408,14.82,15.5,15.44,14.61,31.0635,15.27,46596.0768,-2.9469548134,15.10369286209301,15.075575301376183,15.024811787891544,14.759830159725208,-3.061224489795918,12.42091848345546,-272.02680067002376,59.87228206703971,58.80688819164791,62.00306981782332,53.73831775700935,33.128834355828225,43.90715667311412,5.330490405117271,-0.6702412868632683,0.5429788785486701,-0.17893765355191982,14.532663943756857,14.986173995529567
20190409,15.0,15.15,14.81,14.63,23.5826,14.82,35127.7696,1.2145748988,15.069128574728675,15.037787650688092,15.020300553729443,14.782703477846619,-1.1857707509881519,13.07441804366181,19.872736172291233,57.6282202508123,58.41399887803604,56.05666299636482,45.327102803738335,33.536585365853654,49.00000000000001,-2.407286922576443,-2.9126213592232966,0.5185870315861174,-0.1951347757004216,14.567281429404497,14.988301073140404
20190410,14.67,14.94,14.94,14.38,27.1132,15.0,39690.9632,-2.2,14.936085716485783,14.853893825344045,14.956609543960456,14.771969813289797,-2.654280026542791,9.94858573291563,1209.090909090934,50.818169378158274,55.88205571141012,40.690396711654586,60.747663551401885,33.3333333333333,54.809843400447434,-5.598455598455594,-2.847682119205296,0.4877579182411097,-0.2466329067600619,14.574890212411571,14.93933167727265
20190411,14.31,14.68,14.48,14.25,18.633,14.67,26875.9072,-2.4539877301,14.727390477657188,14.581946912672024,14.839044172331283,14.72797268821458,-3.4021871202916247,6.674816990443251,-747.0724637681094,35.95034267395111,49.23815136559045,9.374725290672444,77.57009345794391,10.975609756097551,53.376906318082796,-5.978975032851512,0.49157303370786715,0.44765487539984833,-0.32082434273009086,14.5552687151959,14.842511419230703
20190412,14.39,14.57,14.28,14.25,13.918,14.31,20068.7632,0.5590496157,14.614926985104793,14.485973456336012,14.757399777361957,14.695784813146522,-1.6942205219292208,6.731739156233314,-430.3179375056908,26.680073410541063,41.718792047240655,-3.3973638628581284,73.83177570093457,18.571428571428577,49.52830188679246,-7.69724182168056,2.7857142857142896,0.40409743825312694,-0.3484594971737718,14.543026588144354,14.772894277810595
20190415,14.17,14.78,14.68,14.15,19.1949,14.39,27804.16,-1.5288394719,14.466617990069862,14.327986728168007,14.650599817841602,14.645710069037328,-2.3297491039426586,4.561755633937939,-678.1774580335735,18.178872469772465,33.87215218808459,-13.207686966851789,84.11214953271029,22.222222222222204,51.21951219512195,-7.203667321545512,-1.8018018018018005,0.35622721519670836,-0.38296178445134876,14.515394989022548,14.680141311993582
20190416,14.5,14.54,14.1,13.92,22.3111,14.17,31761.408,2.3288637968,14.477745326713242,14.413993364084003,14.623218032779493,14.631832919605202,0.6385341476957159,6.32369331847248,-3832.7416173570487,22.136519470349178,29.960274615506123,6.489009180035282,71.0144927536232,31.060606060606066,36.102236421725244,-2.1592442645074246,3.056147832267233,0.3126163010632164,-0.34888731306793563,14.514254619465321,14.65242726399457
20190417,14.39,14.55,14.42,14.32,14.4661,14.5,20834.352,-0.7586206897,14.448496884475494,14.401996682042002,14.580814754092312,14.608801212976134,0.26477146042363614,4.831424658332616,-28424.242424254797,22.87512351563867,27.59855758221697,13.428255382482064,76.32850241545893,37.272727272727295,31.27035830618893,-4.066666666666663,-6.376057254391664,0.27149369388769995,-0.32898085740413174,14.505050573579002,14.612053838764636
20190418,14.16,14.48,14.43,14.13,13.2748,14.39,18993.9456,-1.5983321751,14.352331256316996,14.280998341021,14.504302980620981,14.566058240311738,-1.1311269375785438,2.512126257873041,-13440.000000002896,20.313373482999623,25.170162882477854,10.599794684043161,88.29268292682926,42.268041237113394,32.21476510067112,-3.476482617586911,-8.880308880308876,0.2297981196115396,-0.3335645942092828,14.479491271832408,14.542507094339307
20190419,14.33,14.44,14.18,14.16,13.9926,14.16,19978.4176,1.2005649718,14.34488750421133,14.305499170510501,14.472611529598986,14.543576503139192,0.13976240391335676,3.031261683586908,-564.1121108697965,24.653360099777522,24.997895288244408,23.964289722843745,80.0,47.1698113207547,27.338129496402875,0.13976240391334432,-5.847568988173459,0.19211766587341478,-0.3014436299049984,14.468417844289267,14.509813695210182
